Donor_ID,Name,Type,Address,City,Contact
1,Allison Hill,Institution,"819 Johnson Course, East William, OH 26563",Mumbai,0018637940
2,Gabrielle Davis,Household,"407 Teresa Lane Apt. 849, Barbaraland, TN 30372",Hyderabad,0014131647
3,Kimberly Sanchez,Household,"835 Jeremy Bypass Suite 641, New Nancy, IL 86410",Chennai,6724238849
4,Zachary Hicks,Household,"22691 James Mountain, Tashatown, VA 15515",Mumbai,1845146270
5,Katie Gonzalez,Institution,"809 Burns Creek, Natashaport, AR 32072",Mumbai,0011171822
6,Shane Henderson,Institution,"465 Lam Mission, East Jeffreymouth, OR 73104",Pune,9301031051
7,Diana Washington,Household,"76311 Gomez Loop Suite 010, Chandlerville, ID 25432",Delhi,1726247317
8,Matthew Fernandez,Household,"26773 Barrera Expressway, Smithfurt, WY 60139",Chennai,6872343098
9,Kathryn Farrell,Household,"19136 Shelly Port, New Brooke, CO 55449",Delhi,1998543534
10,Marc Hart,Institution,"425 Natasha Land, Ericside, ME 80674",Chennai,1808412411
11,Grant Watts,Institution,"0164 Adam Trail Apt. 427, Hoffmanville, UT 20037",Pune,1059826204
12,Rebecca Valencia,Household,"PSC 3315, Box 8692, APO AE 21800",Ahmedabad,6025634216
13,Shannon Walker,Institution,"4330 Raymond Harbors Apt. 458, Frazierside, AK 15619",Hyderabad,2940196556
14,Kenneth Scott,Household,"835 Jones Shores, Cindyville, ME 66970",Bangalore,6564823662
15,April Mitchell,Institution,"7738 Leon Underpass Apt. 148, Clarencebury, ME 29945",Pune,2003791769
16,Michael Snyder,Business,"63287 Angela Vista, South Dennismouth, NC 73760",Hyderabad,1579868727
17,Kelly Sims,Household,"434 Flores Plains, East Edwardfurt, FL 93092",Chennai,1665876036
18,Randy Shah,Business,"0546 Medina Street Apt. 734, Tuckerfurt, TN 89517",Mumbai,2729806990
19,David Murphy,Household,"4641 Smith Plains Apt. 531, Port Anthonybury, AK 81940",Pune,3271937452
20,Tracey Higgins,Household,"1904 Sanders Stravenue, North Brittany, SC 32331",Kolkata,4919058651
21,Gloria Atkinson,Business,"5726 Jessica Run, Christinaside, NJ 61432",Hyderabad,9453147379
22,Catherine Lewis,Household,"9480 Christopher Stravenue Suite 783, Brewerfort, WY 02761",Ahmedabad,4363495788
23,Zachary Pierce,Institution,"4431 Leslie Summit Apt. 337, Jennyhaven, LA 13677",Mumbai,4352408240
24,Kristen Terry,Business,"09477 Peterson Center Suite 711, Vasquezshire, TX 07527",Mumbai,2941318699
25,Courtney Mills,Institution,"9649 Chelsea Streets Apt. 334, East Johnside, GA 00851",Hyderabad,7974034471
26,Danny Hernandez,Institution,"02499 Gonzales Mountain, Hollyview, ND 65223",Kolkata,1906594013
27,Miss Debra Williams Phd,Institution,"2967 Theodore Lodge Suite 512, Robertfort, TN 52989",Chennai,0018071545
28,Isaiah Avila,Institution,"48247 Martinez Roads, Lake Eric, AL 72885",Mumbai,1317127484
29,Janet Weeks,Household,"46584 Justin Hills, Grimesmouth, NJ 45737",Chennai,8867533963
30,Matthew Hoover,Business,"Unit 7028 Box 9517, DPO AE 69438",Mumbai,0262174596
31,Eugene Higgins,Household,"134 Julie Mews, Port Cynthiaville, GA 91465",Mumbai,0050455623
32,Bob Pitts,Business,"9237 Stevens Shores, Port Stevenport, ND 21207",Hyderabad,7594647436
33,Ashley James,Business,"406 Smith Way Apt. 974, New Laurie, SC 25421",Kolkata,1421047095
34,Casey Anderson,Household,"842 Sloan Orchard Suite 517, East Karenbury, TX 95425",Kolkata,1685160481
35,David Johnson,Business,"317 Banks Crescent Apt. 004, Wilsonbury, ND 18282",Chennai,7586926179
36,Jeremy Young,Institution,"506 Lopez Crossing Suite 139, North Kristinbury, WY 74501",Hyderabad,1839335290
37,William Huerta,Institution,"02053 Smith Greens, East Judyhaven, WA 08831",Mumbai,7589178390
38,John Morales,Institution,"711 Franklin Circles Apt. 499, Oscarhaven, NH 66764",Bangalore,1611836736
39,Emily Edwards,Institution,"711 Christopher Court, Lisaside, OR 74109",Chennai,1516560494
40,Jordan Moore,Household,"8514 Lindsay Vista, New Sarahview, HI 36319",Ahmedabad,0014550229
41,Jason Peterson,Business,"910 Eric River Apt. 147, Tuckermouth, KY 28756",Hyderabad,0018156149
42,Eric Clark,Institution,"5107 Thompson Light Apt. 885, South Michelleton, AK 60761",Chennai,5969664160
43,Carolyn Meza,Institution,"61369 Warren Locks Suite 535, North William, NC 67341",Kolkata,5523124329
44,Peter Jones,Household,"USCGC Marshall, FPO AP 76453",Chennai,9955271774
45,Benjamin Murray,Household,"1199 Ford Plaza Apt. 793, Cassidyhaven, AR 59551",Kolkata,5182037788
46,Helen Hardin,Business,"905 Mark Point Suite 449, West Christopher, FL 46352",Hyderabad,6291486528
47,Eric Bean,Household,"32214 William Plains Apt. 592, Mooreburgh, UT 82386",Chennai,7065379473
48,Emily Stokes,Institution,"9774 Shaw Manor, Port James, DC 33269",Kolkata,7581814124
49,Jose Guerra,Household,"5060 Shaw Freeway, Vangstad, AK 42271",Ahmedabad,5220472779
50,Bobby Scott,Business,"43410 Robert Underpass Suite 117, Lake Zacharybury, FL 38678",Ahmedabad,0953962185
51,Jeanette Harrison,Household,"0515 Jessica Road Apt. 952, West Amyburgh, WI 90243",Hyderabad,7221704303
52,Virginia Daniels,Household,"5054 Lauren Mews, Paulfurt, HI 65539",Chennai,0017584161
53,Garrett Phillips,Institution,"75705 Hill Turnpike Apt. 165, North Douglas, TX 57933",Hyderabad,2135569092
54,Tiffany Watson,Institution,"565 Wright Crescent, Lake Jacobhaven, OH 15936",Pune,4739473121
55,Rita Ponce Dvm,Institution,"844 Jennifer Squares, Port Michael, DE 26843",Pune,3705895782
56,Angelica Parker,Business,"Unit 7866 Box 9125, DPO AP 10221",Chennai,7852892268
57,Christopher Morris,Household,"414 Cynthia Plaza Suite 249, New Danielleshire, FL 22940",Ahmedabad,1995900109
58,Mr. Dylan Frye Md,Household,"7102 Perry Mountain Apt. 592, Michellemouth, MI 52761",Delhi,5881537147
59,Brent Roberts,Household,"25953 Tyrone Passage Suite 747, North Sierrahaven, IA 28700",Bangalore,0015004797
60,Jessica Khan,Institution,"0609 Michael Heights Apt. 687, Marciaville, CT 52130",Bangalore,5852398680
61,Regina Stone,Institution,"9526 Wheeler Parkways, Ericksonport, AK 48782",Pune,1694097499
62,Michelle Hampton,Institution,"91307 Barnes Loop, South Warren, NJ 96948",Mumbai,0010283857
63,Megan Dillon,Business,"733 Grant Fork Suite 437, Timothyside, VA 36343",Pune,1986652404
64,Cindy Clayton,Institution,"19933 Elizabeth Pines Apt. 301, Riverafort, TX 18519",Ahmedabad,8267734540
65,Ann Andrews,Institution,"62067 Sharon Well, Nancytown, OK 79508",Hyderabad,5478872874
66,Brian Martin,Institution,"205 Bradley Throughway Apt. 296, Robertsonland, TN 13003",Delhi,2753046374
67,Elizabeth Sharp,Institution,"301 Parker Lodge Suite 145, East Susan, FL 60135",Mumbai,0019568783
68,Justin Brown,Institution,"822 Bond Mills, Lake Jamieshire, CO 67396",Hyderabad,0728679087
69,Aaron Robinson,Institution,"1801 Johnson Lodge Apt. 265, Westfurt, CO 89987",Kolkata,1825128682
70,James Hall,Household,"3106 John Cliff, New Arthurton, WA 06299",Hyderabad,7383028439
71,Shawn Odom,Business,"4089 Connie Meadow Suite 056, Heatherchester, ME 49844",Bangalore,8733427086
72,Kristin Anderson,Business,"1751 Brett Lane, Port Charlesshire, TN 73750",Delhi,7354033173
73,Michele Sanders,Institution,"6785 Green Passage Suite 717, Robinstad, MT 06493",Hyderabad,0013204899
74,David Hudson,Institution,"7772 Jackson Stravenue Suite 280, Port Melanieton, AL 54554",Bangalore,3120387509
75,Taylor Durham,Institution,"88600 Nichols Heights, New Lisachester, HI 14527",Mumbai,8233984546
76,Tyler Stevens,Institution,"1016 Bennett Mountains, Lake Albertburgh, NM 57374",Hyderabad,1591803397
77,Amanda Mcfarland,Institution,"261 Martin Garden, Rhodesside, MS 99540",Chennai,0012185016
78,Erin Walters,Household,"3586 Lopez Prairie Suite 194, Lake Charles, FL 50308",Kolkata,0012655110
79,Jeffrey Hawkins,Household,"15819 Shields Bridge, Robertland, OH 32317",Delhi,0018262244
80,Jeffrey Fisher,Institution,"4379 Stephen Dale, Adamfurt, RI 50293",Kolkata,7569245937
81,Mackenzie Faulkner,Business,"4651 Brittany Plains Apt. 807, South Lauren, UT 09565",Delhi,7243426617
82,Tami Holt,Household,"891 Kayla Shoals Suite 290, Rasmussenmouth, NE 14387",Kolkata,1438889937
83,Joel Frazier,Business,"0714 Knapp Corner, Port Sheliaberg, ME 45467",Chennai,3875717751
84,Greg Rodriguez,Household,"282 Castro Mountain, Port Richard, HI 84449",Chennai,1660937966
85,Shane Lopez,Institution,"47859 Carr Radial Apt. 557, Port Emily, ME 81042",Mumbai,0011251341
86,Jennifer Taylor,Household,"8282 Roberts Ferry, Meganton, MI 01757",Ahmedabad,2368876767
87,Philip Carter,Household,"79788 Ashley Grove Suite 807, South Curtis, SD 98981",Bangalore,4074517133
88,Leah Bell,Household,"92330 Patel Ranch Apt. 544, Stephaniehaven, TX 12982",Ahmedabad,6042232536
89,Kenneth Adams Md,Institution,"8457 Murphy Alley, Lake Teresastad, CA 70549",Bangalore,3637454589
90,Pamela Williams,Business,"12770 Harris Spurs Apt. 424, Lake Michaelland, TN 85555",Pune,0643611037
91,Kevin Stone,Household,"516 Tim Forks, Davisville, MD 48678",Chennai,2622189092
92,Lisa Ramos,Institution,"19656 Moody Gateway, Deannabury, PA 79145",Hyderabad,0019404389
93,David Little,Business,"5269 Diaz Springs, Port Thomas, CA 02688",Kolkata,0011043006
94,Jessica Morales,Business,"1418 Terri Drives, Peterland, UT 57843",Ahmedabad,0013031617
95,Meredith Martin,Household,"USNV Jackson, FPO AE 98775",Chennai,0014105648
96,Scott Jackson,Household,"138 Bradley Wall, East Brandonstad, FL 23957",Mumbai,8635365419
97,Jonathan Winters,Business,"1744 Miller Motorway, West Jamesshire, ME 97438",Delhi,1375973832
98,Makayla Steele,Institution,"64138 Robert Circle Apt. 410, Port April, MN 60592",Chennai,0011918261
99,Ethan Owen,Institution,"7431 Derek Trail Apt. 212, Owenschester, ND 47462",Chennai,0013747411
100,Tracy Foster,Household,"2067 Cody Cove Apt. 100, East James, MN 90453",Mumbai,1199410137
101,Amber Glass,Institution,"0662 Lewis Ferry Suite 472, New Christinebury, LA 65891",Delhi,8701462638
102,Richard Cooper,Household,"4205 Anthony Valleys Suite 078, Katiebury, CT 32988",Mumbai,1348039652
103,Michael Meza,Household,"8427 Christopher Fort, North Alisha, MA 80996",Kolkata,2525002921
104,Shannon Yu,Household,"154 Taylor Estate Suite 752, Jeffreyshire, HI 50096",Chennai,4220969029
105,Jon Rivera,Business,"2157 Joseph Gateway Apt. 541, North Paulchester, MT 65130",Ahmedabad,5861793271
106,Brian Peterson,Household,"181 Wheeler Ridges, Bushchester, GA 80103",Bangalore,2015336884
107,Joshua Henry,Institution,"1497 Collin Ford, Lake Kelly, NJ 15640",Ahmedabad,6774186256
108,John Perez,Household,"11586 Angela Ville, Cardenaschester, TX 62737",Ahmedabad,0013741608
109,Lisa Martinez,Business,"33206 Vanessa Mews, Port Courtney, PA 34302",Chennai,1168685487
110,Chase Knight,Household,"91485 Baker Shoal, Armstrongfort, HI 36600",Mumbai,2996065307
111,Elizabeth Ramirez,Institution,"24754 Jacobs Corners, South Jason, MT 97618",Pune,8508214862
112,Ross Hood,Business,"53457 Reid Crossing Apt. 357, Thompsonfort, OH 46344",Pune,2414060293
113,Jason Smith,Business,"2290 Johnny Valley, Jenniferview, MS 46207",Ahmedabad,4374896910
114,Lisa Evans,Institution,"4544 Lopez Path, North Linda, PA 53466",Delhi,1520744666
115,Margaret Alvarez,Institution,"USNV Romero, FPO AE 86695",Mumbai,1241724825
116,Daniel Savage,Household,"4947 Thomas Way Apt. 738, Port Erinhaven, MT 07587",Pune,2356972521
117,Mr. Christopher Walters,Institution,"29271 Christina Roads Suite 667, Smithside, VA 49404",Kolkata,5830033542
118,Jonathan Torres,Household,"4789 Hamilton Spur, West Wendy, MI 98820",Chennai,2603323098
119,Jacob Santos,Household,"909 Ebony Shoal Apt. 016, Jamesside, NJ 92496",Chennai,3046184992
120,Steven Hunt,Institution,"17393 Decker Flats Suite 642, New Tylerborough, NJ 43833",Ahmedabad,0011972181
121,Ashley Scott,Household,"7012 Melissa Lake Suite 611, North Melissaburgh, MI 57873",Pune,1415521667
122,Rebecca Wilson,Household,"16979 White Light, Cherylberg, NM 15303",Hyderabad,7014508993
123,Nicholas Olson,Business,"89002 Christian Ways Apt. 175, West Tara, NY 29691",Chennai,1663177971
124,Bryan Jimenez,Household,"6088 Margaret Turnpike, Pamelaside, SD 88512",Ahmedabad,5503758997
125,Matthew Smith,Institution,"851 Penny Park Apt. 614, East David, MO 28758",Mumbai,3516091779
126,Noah Tran,Household,"292 Dale Shoals Suite 866, West Raymond, LA 59856",Delhi,2698485833
127,Miguel Parks,Household,"PSC 2288, Box 5158, APO AA 76890",Chennai,0016846081
128,Anthony Adams,Household,"420 Harris Plains Apt. 571, Lake Deborah, IA 67468",Pune,0014066658
129,Susan Bush,Business,"347 Tonya Club, East Jill, MS 05827",Ahmedabad,4842294057
130,Timothy Gilbert,Household,"851 Fox Ferry Apt. 826, Davisbury, IL 87445",Pune,5543987801
131,Andrew Blackwell,Household,"4840 Robertson Pass, Tuckerport, SD 25733",Bangalore,8112880133
132,Teresa Burgess,Business,"501 Brian Underpass Suite 819, West Rickey, SC 53512",Delhi,5061809190
133,Elizabeth Miller,Business,"6072 Derek Lock Suite 245, New Nancyberg, AZ 01160",Hyderabad,0019688143
134,Sarah Thomas,Business,"12908 Newman Cliffs Suite 141, Lake Beverly, MI 17306",Hyderabad,1314913577
135,Rhonda Benjamin,Business,"36452 Humphrey Mountain Suite 547, East Debbieland, KY 18851",Ahmedabad,1341108099
136,Christy Johnson,Household,"256 Patricia Radial Suite 278, South Michaeltown, IA 80983",Chennai,1282722992
137,Jacob Williams,Business,"7700 Garcia Pike Suite 498, South Desiree, OR 86135",Chennai,8463865577
138,Adriana Macias,Household,"84322 Michael Stravenue, Lake Jerrymouth, DE 63614",Delhi,1773926030
139,Kenneth Brown,Institution,"699 Natalie Stream, Staceyborough, PA 62290",Kolkata,2369292984
140,Crystal Cruz,Household,"862 Gregory Ridges, Port Amandaville, NJ 86928",Delhi,9806865086
141,Robert Clarke,Institution,"2473 Justin Wells, Scotttown, WA 01433",Ahmedabad,0018180635
142,Matthew King,Institution,"594 Fischer Loop Suite 258, Kingport, MI 92971",Bangalore,2137213865
143,Mark Brock,Household,"611 Walker Common Apt. 669, Jenniferton, HI 84425",Mumbai,7038430988
144,Matthew Cantrell,Household,"5669 April Street Apt. 184, Michaelview, PA 25997",Mumbai,6904268181
145,Regina Frye,Institution,"769 Carrillo Throughway Suite 779, South Darrenland, SC 29386",Mumbai,1356588043
146,Karen Gomez,Institution,"PSC 4237, Box 3334, APO AE 30543",Chennai,3952111790
147,Kimberly Williams,Business,"9472 Sanders Terrace Apt. 086, Ayerston, MI 52106",Mumbai,1271875003
148,Chelsea Baker,Institution,"2763 Haynes Landing Suite 647, New David, TX 30459",Chennai,4386632270
149,Jonathan Cowan,Institution,"4489 Raymond Spurs Apt. 034, Combsville, WA 44365",Delhi,5588450615
150,Mariah Thompson,Institution,"8771 Austin Mountain Apt. 256, Sweeneyland, GA 45540",Mumbai,5544964759
151,Joanna Jackson,Business,"341 Garrett Cove, North Sharonfort, AR 03956",Kolkata,0016811492
152,Ryan Johnson,Business,"7848 Taylor Square Apt. 997, Millsside, MI 63632",Chennai,1317456424
153,Robert Charles,Institution,"077 Smith Meadows Suite 930, Jacobside, MO 33255",Kolkata,6634163894
154,Patrick Lamb,Household,"24179 Nelson Road, Lopeztown, AR 70620",Hyderabad,2144270312
155,Daniel Fisher,Business,"7051 Brian Trail Suite 187, East Paula, MS 02154",Bangalore,3673037183
156,Michael Collins,Institution,"881 Olson Hills, West Paige, TN 29046",Hyderabad,3650249163
157,Andrew Logan,Business,"1327 Gina Junction, North Michaelberg, ND 14577",Kolkata,7358573065
158,Danielle Williams,Household,"739 Amy Islands Suite 498, North Amanda, LA 35018",Delhi,1570862095
159,Nathan Barrett,Business,"87829 Morris Row Suite 118, North Maryberg, AZ 26987",Mumbai,7310967899
160,Jacob Obrien,Household,"717 Michael Summit, Shortton, RI 35341",Chennai,0141381138
161,Theresa Hansen,Institution,"957 Andrade Expressway, New Richard, TN 21233",Hyderabad,1975585566
162,Kristine Lewis,Household,"7760 Tonya Ranch Apt. 824, West Traceyborough, MD 03345",Kolkata,0014888992
163,Danielle Scott,Household,"315 Thompson Views Apt. 940, Millerton, WI 44330",Chennai,6613906048
164,Erin Wolfe,Business,"9981 Ryan Turnpike Suite 225, South Ashleyton, MO 34914",Hyderabad,6862278376
165,Christina Gilbert,Household,"14659 Daniel Loop, Diazborough, MI 78341",Ahmedabad,1042597927
166,Sarah Rodriguez,Institution,"0514 Ruiz Isle, Lake Amanda, ND 69086",Hyderabad,0014879206
167,Lisa Brown,Institution,"64510 Dillon Run, Hallfurt, VT 13556",Delhi,7981238780
168,Patrick Smith Dds,Institution,"84046 Sherry Harbors Apt. 256, North Jessica, TX 80775",Hyderabad,1363926495
169,Melinda Harris,Institution,"2925 Angela Stravenue, East Lonnieberg, AK 42272",Mumbai,6474231220
170,Linda Hall,Household,"728 Joseph Landing, Port Paul, DC 21968",Hyderabad,3060463331
171,Troy Gonzales,Household,"3660 Cortez Lock Apt. 817, Wilcoxton, IA 68488",Mumbai,1608680347
172,Patricia Mitchell,Institution,"082 Gallegos Mission Apt. 812, South Robert, AK 23946",Bangalore,9371452111
173,Janet Moody,Business,"8602 Cunningham Shoals, East Misty, WI 93830",Hyderabad,6447421230
174,Dawn Ellis,Institution,"733 Chavez Mills, New Carolbury, OH 36953",Chennai,1830220502
175,Brandon Rodriguez,Institution,"Unit 2499 Box 9827, DPO AP 76387",Kolkata,0145561681
176,Scott Murphy,Household,"390 Ashley Roads, South Jenniferport, PA 41983",Hyderabad,8995299787
177,Dylan Lee,Institution,"139 Gutierrez Isle Suite 830, Lake Juan, CA 40841",Ahmedabad,8850155699
178,Tammy Mendoza,Business,"272 Mcclain Plain, Stevenchester, AR 68799",Delhi,9588039551
179,Miss Sarah Duncan,Household,"5046 Tyler Freeway, Shannonport, NC 40126",Pune,1503178078
180,Gerald Webb,Business,"2182 Jenny Mount Suite 810, Sarahland, NH 06548",Delhi,8409435334
181,Francis Alexander,Household,"41098 Jamie Keys, Josephport, IA 22950",Kolkata,4958702070
182,Anthony Simmons,Household,"545 Jennifer Skyway Apt. 792, Port Leahmouth, NH 41184",Hyderabad,1773329456
183,Brian Mendoza,Household,"9928 Richard Station Apt. 581, Amandafurt, MT 31771",Ahmedabad,1382761539
184,Cynthia Bates,Institution,"99758 Lynn Fall Suite 619, Lake Lisafurt, NM 85041",Pune,1013290227
185,Michael Stewart,Institution,"5190 Abbott Walk Suite 058, North Jacquelinestad, LA 04588",Delhi,6965666683
186,Karen Lopez,Household,"2422 Charles Brook Apt. 762, East Dawnchester, NH 91647",Mumbai,1692786876
187,Laura Bradford,Institution,"8950 Ashley Squares Suite 197, East Jessicahaven, WV 37125",Bangalore,8189137189
188,Kimberly Smith,Institution,"565 Roberts Camp Suite 940, Laneshire, TN 38741",Delhi,0019047128
189,Alexis Rodriguez,Business,"752 Patton Freeway, Whitehaven, AZ 45438",Bangalore,2927663723
190,Sarah Brown,Business,"27674 Reese Terrace, South Frances, NJ 34923",Bangalore,8604765801
191,Marcia Blanchard,Household,"4414 Murray Spring Apt. 938, Ericaburgh, OH 01887",Hyderabad,1010618175
192,Amy Wheeler,Business,"PSC 3911, Box 1926, APO AP 85423",Delhi,0012124471
193,Mary Carrillo,Business,"0665 Jonathan Via, Gregoryland, ID 80494",Chennai,2712863917
194,Nicholas Waters,Institution,"00642 Conway Ports Apt. 877, Powellland, IN 00934",Chennai,7198554601
195,Paige Roberts,Institution,"3461 Tucker Roads, Mossberg, ID 03825",Mumbai,0019376184
196,Nathan Sullivan,Business,"829 Sandy Camp Apt. 707, East Jacquelineberg, HI 83425",Pune,4179291117
197,Lisa Brown,Institution,"651 Marc Underpass Apt. 092, Bryanview, WV 54916",Bangalore,5827390219
198,Christopher Hobbs,Household,"19467 Jamie Route, Alexandrachester, HI 80525",Bangalore,0010927914
199,Joseph Davis,Household,"3403 Laura Spur, Jimenezburgh, AZ 07582",Pune,1543645970
200,Karina Wilson,Household,"PSC 7995, Box 6353, APO AE 43247",Bangalore,1363631797
201,Jeffrey Robinson,Institution,"5273 Cantrell Flats, Davidshire, KY 18392",Kolkata,7762534929
202,Laura Tran,Business,"739 Hood Harbors Apt. 633, Ryanbury, OR 20026",Chennai,0010600780
203,Robert Nicholson,Business,"80632 Phillips Rue, North Timothyport, VT 60700",Bangalore,0019077262
204,Andrea Barry,Institution,"6498 Kristin Common, Jillton, TX 48209",Mumbai,1657905528
205,Kristina Ayala,Business,"81793 Luke Grove Suite 401, Michaelfort, NC 16584",Delhi,8847951371
206,Angela Martin,Business,"2380 Butler Springs, South Michael, WA 85001",Chennai,4310385695
207,Rachel Tucker,Household,"4924 Kristina Forks Suite 540, West Justin, RI 21576",Ahmedabad,0018422223
208,Cody Hart,Business,"2578 Amanda Crossing Apt. 672, Reillyberg, WA 72085",Hyderabad,5474929751
209,James Randall,Household,"0939 Kimberly Trafficway, Jamesland, NV 89245",Chennai,1186375998
210,Adam Cooper,Household,"137 Lara Heights Apt. 662, East Jaredfort, NC 44464",Chennai,9610646287
211,Nicole Taylor,Business,"8704 Snyder Streets Suite 300, West Kevin, SC 62437",Kolkata,4627301471
212,Heidi Castillo,Business,"715 Megan Estates Apt. 257, West Frank, MN 55487",Mumbai,1504481832
213,Samantha Cohen,Business,"89520 April Landing Suite 652, East Ericbury, ID 73725",Kolkata,1888167112
214,Brenda Ramos,Institution,"Unit 8524 Box 0132, DPO AP 19160",Pune,0013423216
215,Andrew Keller,Institution,"40140 Kimberly Rapids Apt. 932, Anthonyberg, WA 36857",Kolkata,0015528938
216,Pamela Rice,Household,"80138 Richardson Radial Apt. 712, Tinachester, NY 30326",Mumbai,1517182754
217,Drew Burke,Business,"86463 Patricia Unions Suite 520, Powersfurt, NC 86818",Bangalore,1112669121
218,Ryan Hardy,Institution,"657 Archer Pass Suite 271, West Tracybury, DC 04396",Hyderabad,0170269524
219,Anne Jones,Household,"3477 Daniels Valleys Apt. 061, Colefurt, NH 05217",Mumbai,2842762467
220,Laura Henry,Institution,"8280 Baker Ramp Suite 954, Bryanshire, DC 48527",Pune,9056165565
221,Erik Miller,Business,"52085 Steven Way Suite 986, Andrewfort, AK 41987",Kolkata,9659171357
222,Wayne Harris,Business,"344 Kenneth Ports, Ballardland, OR 12917",Mumbai,0015419876
223,Elizabeth Brock,Business,"66498 Powers Plaza Apt. 082, Lewismouth, SC 70325",Chennai,1690835723
224,Ronald Brown,Business,"4249 Richard Crescent Apt. 303, Stevenside, NE 85294",Delhi,3242044820
225,Katelyn Smith,Institution,"9416 Powers Course, Hahnberg, DE 75339",Pune,0018189847
226,Renee Manning,Household,"USNS Thomas, FPO AE 28564",Chennai,7649078515
227,Tracey Suarez,Business,"USNV Alvarez, FPO AA 40893",Pune,9003486451
228,Cynthia Ramos,Household,"4134 Michele Estates Suite 560, Michellefort, WA 54628",Kolkata,6124815698
229,Rachel Taylor,Institution,"9112 Zachary Trafficway Apt. 965, Mendozaberg, HI 90608",Kolkata,0015431652
230,Travis Leblanc,Institution,"73420 Williamson Rapid, Edwardstad, OK 15882",Mumbai,8677133344
231,Janet Reynolds,Institution,"3626 Anthony Greens, New Shannon, MN 76903",Hyderabad,1710725636
232,Gary Young,Institution,"PSC 9900, Box 4896, APO AA 52234",Hyderabad,1528092428
233,Jessica Green,Institution,"4564 Austin Trace, Zacharychester, GA 41859",Pune,0017287032
234,Jessica Carney,Business,"PSC 0758, Box 7771, APO AP 19906",Pune,5134228499
235,Zachary Smith,Institution,"1371 Johnson Springs, South Nathanielville, MD 20656",Hyderabad,1777490509
236,Erika Dennis,Institution,"04501 Davis Glens, East Tammy, MO 12191",Bangalore,3266421476
237,Tammy Mckee,Household,"158 Tracy Loaf Suite 499, Davischester, MN 80961",Pune,6610857327
238,Maria Miller,Institution,"4224 Alexandra Hill, New Charleston, CT 67433",Pune,6179454918
239,Amber Butler,Institution,"779 Peterson Well Apt. 321, Monicaville, ND 02849",Bangalore,6102776974
240,Valerie Ward,Institution,"1220 Daniel Brook Apt. 037, Lake John, SC 71094",Hyderabad,1472760122
241,Jill Washington,Business,"334 Williams Branch Apt. 667, Benjaminfurt, NY 77969",Delhi,0019730806
242,Marcus Lucas,Business,"24375 Hall Forges Suite 972, Jenniferfurt, TX 86025",Hyderabad,0015729341
243,Jason Chaney,Household,"005 Kelly Estate, Port Michele, AZ 08845",Pune,6193183745
244,Shelly Munoz,Institution,"7119 Madison Canyon, East Crystalborough, MN 21083",Kolkata,0014787125
245,Robert Peterson,Business,"5653 Karen Pines, Cobbberg, NE 54687",Ahmedabad,7850720811
246,Peter Keller,Business,"846 Blackwell Squares, Jennifermouth, MI 01536",Chennai,8926738997
247,Angela Medina,Institution,"843 William Inlet, Katherineburgh, AK 71271",Ahmedabad,0014346810
248,Anthony Curtis,Institution,"075 Linda Prairie Apt. 544, Lake Nicholas, IA 14293",Bangalore,8935712661
249,Blake Rhodes,Institution,"9767 Dennis Mall Apt. 282, Dawsonberg, NY 69856",Mumbai,3770285196
250,Jacob Roberts,Business,"4544 Johnson Divide, Port Brittany, ME 37657",Kolkata,2701851067
251,Krystal Mccullough,Household,"922 Gill Shores Suite 251, Hughesfurt, ND 06506",Chennai,1741209481
252,Tina Boyd,Institution,"82043 Maria Villages, Millerside, MD 53165",Hyderabad,0010705626
253,Brandon Petty,Household,"24124 Gregory Circle Suite 200, Petermouth, MT 42996",Chennai,6103399378
254,Fernando Tran,Household,"3048 John Point, West Ashley, CO 83836",Delhi,3258238687
255,Carol Brown,Household,"PSC 4946, Box 5398, APO AA 06462",Chennai,8914161284
256,Christine Wagner,Business,"474 Eileen Islands Suite 379, Allenberg, AL 80295",Mumbai,0026876811
257,Robert Carey,Business,"017 Mayer Mills, East Juliaview, VT 47401",Pune,1943375047
258,Michelle Clark,Institution,"49872 Donna Port Apt. 192, East Jordanshire, IN 69062",Chennai,0014308948
259,Michael Owens,Institution,"304 Patel Island, South Jamesland, OK 03826",Pune,0013613325
260,Lori Cook,Business,"3505 Sherry Trail, Duranmouth, DE 11712",Pune,0651207049
261,Andrea Byrd,Household,"6196 Michelle Turnpike Apt. 767, Hobbsville, SD 89076",Bangalore,7859311091
262,Sara Strong,Institution,"6797 John Union Apt. 024, Palmerstad, OR 71429",Delhi,0012274954
263,Kristin Brown,Household,"315 Elizabeth Square, Greenemouth, OR 74700",Pune,9465217073
264,John Tate,Household,"62050 Michael Point Apt. 247, Lake Brenda, MN 06255",Bangalore,3342342583
265,Alex Cameron,Institution,"PSC 0261, Box 5347, APO AE 48950",Ahmedabad,2896112233
266,Jeffrey Fields,Household,"PSC 9938, Box 4253, APO AE 83005",Chennai,2897317912
267,Joseph White,Household,"774 Little Turnpike Apt. 333, Royfurt, ME 56209",Ahmedabad,9254812147
268,Jose Rogers,Household,"5754 Johnson Mills Apt. 415, West Meganhaven, SD 10745",Ahmedabad,3111508353
269,Patricia Bruce,Institution,"840 Campbell Key, Bautistashire, SD 02059",Kolkata,8263337389
270,Emily Lopez,Business,"77805 Barbara Crossroad Suite 075, Jeremiahchester, WV 53371",Pune,0018459090
271,Christina Myers,Institution,"1597 Davis Cove, North Margaret, NM 04018",Ahmedabad,3164334817
272,Joseph Jackson,Household,"2128 Mendoza Cliff Suite 323, Ryanfort, PA 75879",Ahmedabad,9387430271
273,Keith Henry,Business,"147 Graves Station, Peterburgh, IA 24038",Hyderabad,1676291603
274,Andrea Barber,Household,"PSC 7681, Box 5118, APO AA 54253",Hyderabad,2438070176
275,Adam Wilson,Institution,"PSC 5777, Box 1183, APO AP 57874",Ahmedabad,7422091241
276,Jeanne Jones,Institution,"75230 Scott Causeway Apt. 647, New Adamfurt, ID 33229",Chennai,3310600531
277,Amanda Hunt,Business,"393 Mcmillan Crest Apt. 315, Glennfurt, MD 02071",Ahmedabad,3731495013
278,Mrs. Kimberly Mooney,Household,"1956 Martin Roads, Tiffanyfort, MA 02814",Hyderabad,1976838903
279,Jeffrey Sanchez,Household,"7432 Harris Camp, Lake Carly, WA 43583",Hyderabad,4508640355
280,Joshua Knox,Business,"396 White Roads, North Mollyland, AR 83648",Kolkata,3212983381
281,John Martin,Institution,"93449 Faulkner Flats Suite 715, Grayfort, NE 66730",Mumbai,1627066149
282,John Chavez,Household,"52732 Adam Wall Suite 766, Wallerstad, NM 40846",Bangalore,1916016923
283,Isabel Brown,Household,"337 Sandra Lake Apt. 249, Blackburnberg, IA 79425",Pune,0012011669
284,Carol Simmons,Institution,"461 Daisy Trail Suite 243, Haletown, NM 00707",Bangalore,1686462252
285,Christina White,Institution,"USCGC Bradley, FPO AE 24832",Chennai,0234679121
286,James Hill,Household,"7100 Walton Avenue, North Jasontown, PA 68668",Pune,0014775965
287,Henry Rivera,Business,"620 Misty Harbors Apt. 579, Robertsonborough, SC 42730",Kolkata,5057397691
288,Todd David,Institution,"649 Jennifer Ways, East Tylerland, TX 72426",Ahmedabad,2717833321
289,Timothy Orr,Business,"471 Sandra Roads, Davismouth, IN 75994",Delhi,0019156686
290,Kevin Lopez,Household,"USNV Anderson, FPO AA 50333",Pune,0010409836
291,Taylor Martinez,Business,"60875 Lisa Hill, South Erin, PA 37645",Delhi,0954814973
292,Michael Bennett Dvm,Institution,"302 Luna Hills, North Amy, NE 89354",Pune,5661844386
293,Amy Michael,Business,"277 Merritt Fords, Port Kaitlin, SD 01698",Delhi,9126620157
294,Miss Leslie Booker,Business,"01367 Watts Extensions Suite 176, Cynthiamouth, AL 16229",Hyderabad,1178309997
295,Patrick Bauer,Business,"649 Cory Circles Apt. 606, Brownshire, VT 85920",Pune,3129208751
296,Kenneth Delgado,Institution,"11845 Rodney Shoals Apt. 340, Donnamouth, OK 64784",Chennai,0015859883
297,Ronnie Bernard,Business,"542 Jones Glens, Patrickburgh, NH 11413",Chennai,6283143598
298,Emily French,Business,"41818 Jones Route, West Reginaview, IN 36368",Pune,1636112849
299,Katherine Rice,Business,"491 George Terrace Suite 258, Woodsberg, AL 90502",Delhi,2226940539
300,Kathryn Hill,Business,"1465 Cynthia Club, North Frederick, CO 97941",Kolkata,8706827788
301,Ronald Smith,Institution,"89097 Emily Track Apt. 215, New Michael, NE 65448",Pune,2515381447
302,Laura Robinson,Institution,"9705 Christina Isle, Michaeltown, VA 24901",Bangalore,5016731882
303,Matthew Perez,Business,"6284 Veronica Shoals Suite 225, Smithborough, ID 37843",Bangalore,2665023741
304,Joshua Marsh,Institution,"8621 Laura Crossroad Apt. 580, North Erika, NE 78762",Delhi,0010674471
305,Brian Baker,Business,"71892 Victoria Ramp Apt. 312, Johnsonborough, NE 02815",Delhi,1310668433
306,Maria Torres,Household,"6350 Blake Center Suite 347, Rebekahville, HI 33565",Pune,5541108255
307,Matthew Clark,Household,"91093 Janet Courts, New Christineport, NJ 26977",Ahmedabad,1202368485
308,Mitchell Bartlett,Household,"802 Horton Curve Suite 090, Lake Lisa, TX 70292",Delhi,1278686694
309,Michael Suarez,Business,"844 Kenneth Grove Apt. 230, West Benjamin, KY 17929",Pune,0338105955
310,Jennifer Carr,Business,"053 Thompson Brook, Lake Juliefurt, KS 82582",Chennai,1983735439
311,Steven Davis,Business,"39724 Kyle Fall, Mcdanielborough, FL 09944",Kolkata,3761820916
312,Randy Adams,Business,"USS Sparks, FPO AE 14439",Pune,1513279724
313,David Stephens,Business,"01841 Thomas Fork, East Ronaldberg, SD 38098",Pune,6172131451
314,Bailey Mclean,Business,"PSC 0922, Box 6859, APO AE 89555",Mumbai,2494514754
315,Jeremy Robles,Business,"Unit 1196 Box 4215, DPO AE 24339",Delhi,0016557676
316,Katherine Herrera,Institution,"689 Jacqueline Freeway, Aarontown, OH 62619",Delhi,1055247286
317,Ronald Brown,Business,"0650 Elizabeth Cliffs, Monroeburgh, FL 48374",Chennai,1310962272
318,Melissa Evans,Institution,"0412 Nicole Bypass Apt. 820, Wallmouth, VT 34324",Mumbai,0018436241
319,Jennifer Brown,Institution,"775 Wilcox Expressway, Port Nathanchester, KY 14709",Delhi,1595034281
320,Kyle Avila,Household,"034 Tiffany Port, New Valeriefort, AR 41733",Chennai,4054683565
321,Michele Davis,Household,"209 Woods Ways, West Evanmouth, SC 12728",Delhi,0013322889
322,Scott Jordan,Institution,"39912 Davis Bridge Apt. 481, Davismouth, LA 21665",Bangalore,4955112747
323,Pamela Ramos,Household,"PSC 1970, Box 5466, APO AP 89706",Bangalore,7589551687
324,Shawn Fleming,Business,"380 Melissa Highway, Moorefurt, CA 29736",Mumbai,7157787112
325,Austin Peterson,Institution,"714 Johnson Drives, Thomasborough, OK 04606",Chennai,1605673030
326,Benjamin Sullivan,Business,"8342 Christopher Meadow Suite 423, Sherifort, ND 90787",Hyderabad,6596089319
327,Erica Downs,Business,"USNV Smith, FPO AA 19832",Bangalore,5164807279
328,Joshua Martin,Institution,"39055 Kevin Inlet Apt. 776, Bellside, NC 44518",Mumbai,2765289286
329,Ryan Barker,Household,"911 Christopher Brook Suite 179, Lake Seanshire, AZ 88019",Hyderabad,6337861371
330,James Walker,Household,"6306 Alexis Drives Suite 895, Georgeshire, IA 73342",Delhi,3960962626
331,Michael Martinez,Business,"482 Harris Course Apt. 609, North Christine, CO 75447",Pune,0275233438
332,Timothy Burton,Business,"79112 Green Falls, North Troystad, IL 51723",Chennai,7061713665
333,Joanne Martin,Household,"990 Theresa Key, Cooleyside, GA 68887",Chennai,0014139080
334,Charles Miller,Household,"4731 Erickson Run, Stuartfort, NY 52922",Hyderabad,4234619942
335,Tiffany Freeman,Institution,"459 Catherine Meadow Apt. 955, South Garyton, KS 77423",Mumbai,4985601256
336,Jacqueline Chan,Institution,"053 Bradley Islands Apt. 816, Carolynhaven, CT 74026",Delhi,9196655330
337,Jennifer Martinez Md,Business,"90409 Rhonda Haven Apt. 608, West Deannaland, CT 54906",Pune,0014455618
338,Martin Lozano Phd,Institution,"USS Johnson, FPO AE 01863",Kolkata,1563213580
339,Shawna Green,Household,"41459 Nelson Extension, New Steven, MD 19899",Kolkata,0019671883
340,Edward Miller,Household,"311 Brown Bridge, South Lori, NM 14202",Pune,3988547281
341,Kayla Deleon,Business,"2491 Steven Coves Apt. 307, West Anthony, NC 59829",Mumbai,4181563268
342,Dominic Davis,Business,"43629 Moreno Park Suite 103, East Dariuston, KY 31796",Kolkata,8143966613
343,Sherry Adams,Institution,"4940 Jackson Squares, Stevensonbury, MD 89819",Ahmedabad,2257207650
344,Dennis Jones,Institution,"579 Tracy Gateway, Rodrigueztown, TX 38598",Bangalore,8822114577
345,Wanda Scott,Business,"0545 Rodriguez Spur Apt. 263, West Tyler, OK 97626",Bangalore,0016531361
346,Hannah Rivera,Institution,"3098 Flowers Crossing Suite 795, Danieltown, TX 19785",Hyderabad,2849824741
347,Douglas Watkins,Institution,"65004 Michael Haven Apt. 142, South Brenda, LA 29187",Ahmedabad,7536661449
348,Justin Shelton,Business,"342 Spencer Hollow, Christophershire, NH 72044",Pune,6612875857
349,John Ali,Institution,"1294 Betty Landing, New Amy, LA 07518",Hyderabad,0016260787
350,Krystal Vaughn,Business,"980 Zachary Points, Taylorberg, SC 41250",Chennai,0010793110
351,Alexander Wagner,Household,"6723 Underwood Springs, Villarrealville, FL 83888",Hyderabad,2232883774
352,Brett Chapman,Business,"6176 Hernandez Haven Suite 196, New Kevinmouth, MI 18759",Chennai,7402588358
353,Christian Rios,Business,"244 Jones Villages Suite 679, New Jeanette, WI 86865",Pune,4259959961
354,Kathryn Shelton,Business,"312 Campos Manor, North Cherylville, WA 10053",Delhi,5902517629
355,Jeffrey Mitchell,Business,"8319 Crystal Skyway, East Arthurberg, AL 47629",Kolkata,0016981528
356,Kristin Taylor,Household,"619 David Path Suite 117, North Carolyn, AK 29863",Ahmedabad,4651241893
357,Anthony Terry,Household,"0056 Gonzalez Track Apt. 238, Sandraton, NM 10057",Kolkata,0019051699
358,Debra Williams,Business,"567 Harrington Wells, North Sarah, WI 26213",Kolkata,1960870662
359,Kirsten Wilson,Business,"3560 Jesse Radial Apt. 368, Port Alexisbury, AR 10542",Hyderabad,2724055934
360,James Sandoval,Institution,"8375 Scott Hollow, Kimberlyport, SD 32509",Delhi,4588105697
361,Patrick Clark,Institution,"37710 Huff Groves, Briannaport, CO 08328",Chennai,9670667033
362,Mary Johnson,Household,"549 Katherine Junctions, Glennton, CT 73022",Chennai,4876998426
363,Michael Hill,Institution,"Unit 8459 Box 6094, DPO AA 35726",Pune,1490149542
364,Ian Little,Business,"91498 Ashley Mill Apt. 444, Martinezburgh, RI 86481",Chennai,3102879508
365,Amy Klein,Institution,"58093 Rodriguez Parkways Suite 181, East Mark, TX 55022",Ahmedabad,6420595565
366,William Howell,Institution,"2901 Lindsey Pass, Shelbyfurt, OR 04773",Ahmedabad,1261139898
367,Joseph Alexander,Business,"53537 Goodman Crescent Apt. 765, West Annland, MN 86134",Delhi,9376392836
368,Gloria Wilson,Household,"732 Smith Crest, Bakerside, NJ 97868",Hyderabad,2060212886
369,Heather Morales,Household,"55999 Virginia Cape Apt. 576, Yangchester, WV 63036",Pune,0012298120
370,Jordan Chapman,Institution,"USS Hall, FPO AA 45211",Chennai,9889864565
371,Tiffany Williams,Business,"USNS Jordan, FPO AA 75885",Kolkata,1515421447
372,Deanna Obrien,Business,"421 Andrea Pass, North Carmen, ND 71006",Kolkata,0705349678
373,Jesse Hardin,Business,"6741 Victoria Street, West Lindabury, CA 43376",Kolkata,8547815061
374,Rebecca Stewart,Business,"032 Wiggins Forges, West Theodore, HI 96650",Ahmedabad,4231830617
375,Michael Austin,Business,"578 Natalie Ville, West Elizabeth, WY 83079",Hyderabad,9587413146
376,John Flores,Business,"277 Mcdaniel Burgs Suite 483, Brownmouth, TX 42131",Chennai,6766404735
377,Carol Harris,Household,"98006 Kimberly Isle Suite 810, West Amanda, ND 52343",Chennai,0013425563
378,James Washington,Business,"33041 Rios Curve Suite 111, Smithside, FL 13025",Mumbai,0019639456
379,Matthew Ruiz,Institution,"68474 Patrick Parks, Beanside, CT 59780",Bangalore,9063757914
380,Robert Daugherty,Household,"79312 Jensen Mountains, North Katrina, MT 41324",Chennai,0015205996
381,Matthew Morris,Institution,"61620 April Crossing, East Samuel, AZ 56099",Ahmedabad,2872866041
382,Steve Elliott,Business,"395 Kennedy Fords Suite 228, Smithchester, FL 62169",Hyderabad,0433187510
383,Linda Jones,Household,"0344 Silva Inlet, Claudiafurt, OH 71413",Chennai,1319213424
384,Janet Johnston,Business,"973 Aaron Fort Apt. 192, East Thomas, MD 10696",Chennai,2876754813
385,Jamie Cruz,Business,"581 Stephanie Roads Suite 268, Henryview, DE 73626",Bangalore,5205756398
386,Isaac Lee,Business,"54809 Johnson Harbor Suite 604, Colleenshire, AK 94614",Delhi,9772781050
387,Roy Wilson,Institution,"1843 Marvin Spring, Rachaelburgh, OR 95152",Bangalore,8066013824
388,Lee Barker,Business,"4851 Owens Villages, New Sarahland, CO 24421",Delhi,0011259020
389,Nancy Collins,Household,"42956 Mary Groves Apt. 244, Bakerfort, OR 48160",Hyderabad,8720962893
390,Michael Gordon,Institution,"83437 Johnson Crescent Apt. 727, Nathanfurt, OR 04937",Bangalore,1502675512
391,Alex Lamb,Institution,"673 Cummings Rapid Suite 764, East Kathrynhaven, MT 56323",Ahmedabad,0014969028
392,Rachel Brown,Household,"7627 Donna Flats, West Kyle, IA 27150",Delhi,1328507251
393,Sandra Mccarthy,Institution,"2526 Villanueva Viaduct, Carlsonside, MI 64504",Hyderabad,1903923555
394,Brenda Lopez,Business,"56262 Collins Spring Suite 046, East Raymond, CT 61439",Ahmedabad,5160252986
395,Alexandra Valdez,Business,"46419 Shaw Tunnel Suite 585, Port Haroldchester, WV 50763",Kolkata,1120594389
396,John Richardson,Household,"6540 White Knolls Suite 075, Cynthiaville, VA 05299",Delhi,1632181227
397,Haley Ellis,Business,"15502 Patrick Stream Apt. 546, Johnsonview, SD 97846",Ahmedabad,6139449883
398,Amber Berry,Household,"2480 Browning Springs Suite 406, North Kimberly, DC 36515",Mumbai,7951330531
399,Leah Walters,Business,"8055 Reed Mills Apt. 773, Lake Peter, AZ 87100",Ahmedabad,0011785138
400,Jocelyn Mcdonald,Household,"596 Forbes Brooks, Angelafort, MS 70964",Delhi,6911633194
401,Christopher Waters,Household,"653 Lester Harbors Suite 515, Perezfurt, WV 61307",Bangalore,7226408572
402,Jennifer Fields,Institution,"981 Dougherty Islands, East Ashley, TX 12424",Hyderabad,0968832753
403,Edward Kline,Household,"3973 Teresa Parkway Apt. 952, South Jennifer, AL 98622",Chennai,6876164819
404,Kimberly Johnson,Household,"6056 Patterson Crossing, East Melanieshire, WY 15152",Pune,0012565237
405,Nicole Peterson,Institution,"4949 Kathleen Drive Suite 035, Jenniferport, GA 74902",Chennai,1477422294
406,Brittany Smith,Institution,"9252 Mills Lane Suite 287, South Penny, TN 08988",Pune,3433249135
407,Natalie Cox,Business,"8148 Tara Centers, Knightbury, KS 97420",Ahmedabad,3372094841
408,Morgan Lowery,Business,"PSC 2840, Box 3339, APO AP 63059",Pune,1805137171
409,Cindy Freeman,Business,"73997 Johnathan Lodge Suite 725, Palmerport, ND 33140",Delhi,4884712705
410,Jeffrey Torres,Institution,"PSC 7582, Box 3133, APO AA 66270",Mumbai,5871493925
411,Lisa Moore,Household,"USCGC Valdez, FPO AA 95720",Chennai,3474524555
412,Pamela Smith,Business,"USS Schmitt, FPO AA 85146",Mumbai,7403344505
413,James Grant,Household,"874 Charles Estates, Jennifershire, AZ 86932",Chennai,7349960105
414,Ashley Taylor,Household,"622 Andrews Points Apt. 735, Angelaport, AK 18912",Mumbai,0011557325
415,Tasha Taylor,Household,"7080 Smith Mews Apt. 858, Campbellmouth, CA 96764",Delhi,9181828197
416,Wendy Walton,Business,"7725 Hunter Ports Suite 786, South Autumntown, MS 02974",Ahmedabad,3562439587
417,Christina Underwood,Institution,"PSC 9232, Box 3421, APO AE 70417",Ahmedabad,1028515533
418,Crystal Gillespie Phd,Business,"60736 Sean Locks Apt. 369, North Tanyahaven, OR 95465",Delhi,1231795563
419,Brian Bryant,Household,"1554 Ryan Vista Suite 316, Smithview, SD 42872",Hyderabad,2329028227
420,Amy Lang,Institution,"9626 Greg Path Apt. 251, North Tyler, MO 82461",Hyderabad,4950050702
421,Kyle Fox,Institution,"3161 Tanya Mountain, Chaseside, DC 79572",Ahmedabad,1047742585
422,Daniel Anderson,Household,"USNS Hopkins, FPO AP 12925",Chennai,0016491334
423,Victoria Adams,Business,"PSC 5652, Box 9060, APO AE 24378",Chennai,2032650977
424,Chelsea Kane,Business,"Unit 6737 Box 9487, DPO AE 98144",Mumbai,8552457871
425,Jacob May,Institution,"Unit 2137 Box 1184, DPO AE 46064",Chennai,7681826832
426,Penny Hart,Institution,"583 Nicholas Courts, Lake Cynthia, IN 98949",Bangalore,0012896340
427,Chad Hurley,Business,"843 Brian Loop Apt. 272, South Kristie, MT 51750",Bangalore,0013351342
428,Brittany Ramos,Household,"18481 Hall Mill Suite 189, Hernandezmouth, KY 05871",Delhi,4176927438
429,Daisy Horn,Household,"0144 Bowman Isle Suite 451, North Jenniferfort, OR 65378",Hyderabad,9641789969
430,Tammy Reyes,Institution,"113 Carpenter Station, Ochoaton, SD 58204",Hyderabad,9806603920
431,Rebecca Daniel,Business,"5534 Bowers Islands Suite 423, Joystad, HI 66015",Mumbai,5598354116
432,Jonathan Lopez,Business,"755 Huang Throughway Apt. 250, East Bonniehaven, SD 73964",Hyderabad,8826913119
433,Jennifer Morse,Institution,"915 Scott Canyon Apt. 824, South Jeffreybury, IN 58219",Pune,1320430977
434,Ryan Carpenter,Business,"454 Wood Freeway Suite 851, West Michelle, IA 71053",Ahmedabad,0012187851
435,Maria Spencer,Business,"Unit 7490 Box 7977, DPO AP 57672",Mumbai,2087805721
436,Ana Higgins,Institution,"976 Valerie Forge, Collinsport, IN 75193",Delhi,6289509059
437,Christopher Lee,Business,"Unit 2207 Box 1511, DPO AA 75736",Kolkata,0016667252
438,Mr. James Perez Dvm,Institution,"1840 Tina Circle Suite 120, North Markport, OK 74342",Hyderabad,1239728351
439,Stephanie Mccarthy,Household,"270 Savannah Underpass, Port Sarahport, MI 90027",Mumbai,9821739295
440,Tanya Kelley,Household,"81535 John Viaduct Suite 360, Brianfort, TN 93252",Delhi,0019181589
441,Phillip Carter,Institution,"6170 Garcia Points Suite 964, Gayport, TX 92107",Hyderabad,8031499825
442,Kimberly Williams,Institution,"8068 William Springs, East Coreyburgh, IN 93878",Delhi,1373990063
443,Dr. Samantha Watson,Household,"29394 Becker Station, Jamieview, UT 01841",Ahmedabad,6643749060
444,Steven Freeman,Institution,"46484 Foley Green Apt. 163, New Meghanborough, NC 05179",Ahmedabad,7113062113
445,Jessica Hammond,Business,"50902 Villarreal Glen, West Steven, SD 07897",Bangalore,6248132357
446,Donna Martin,Institution,"11688 Christine Extension Suite 502, Lake Jesusfurt, OK 08157",Pune,9130981079
447,Paul Vega,Institution,"772 Herrera Lake Apt. 242, Kiddburgh, WA 03245",Ahmedabad,4207683625
448,Jill Price,Household,"628 John Station Apt. 939, Rachelside, WV 54005",Ahmedabad,4362718749
449,Juan Moore,Business,"70369 Joshua Summit Apt. 693, South Leslie, WA 17613",Pune,0017599801
450,Heather Manning,Business,"USNV Pittman, FPO AA 82189",Kolkata,9775244182
451,Jennifer Hoffman,Institution,"312 Davis Canyon Apt. 676, Jacksontown, UT 47999",Mumbai,9927079551
452,Eric Long,Household,"541 Morrison Union, Smithshire, GA 48370",Kolkata,3848075203
453,Gail Nelson Dvm,Business,"8029 Jessica Brook, Oscarfort, MS 05217",Ahmedabad,0014655866
454,Derek Gentry Dvm,Business,"102 John Fall Suite 129, Port Christopher, AL 95280",Pune,5912975191
455,Charles Hardin,Institution,"PSC 2110, Box 6330, APO AP 10909",Delhi,5837379274
456,Angela Mccann,Business,"113 Melinda Throughway, East Ralph, OR 39392",Mumbai,1684364538
457,Arthur Cooper,Business,"70159 Wolfe Rest Apt. 945, Howardfort, NM 39854",Hyderabad,0017583392
458,Julie Hernandez,Business,"0256 Reginald Bridge Suite 229, East Cody, NJ 20148",Mumbai,5307624843
459,Jessica Valentine,Business,"1157 Thomas Path, Larachester, AL 40872",Delhi,1254969192
460,Wesley Brown,Institution,"35357 Peters Ports Suite 325, Lake Brittany, IA 64541",Ahmedabad,0017058162
461,Julie Mccullough,Business,"USNV Jones, FPO AA 25821",Delhi,0014250733
462,Kari Edwards,Household,"399 Kenneth Circle, New Lauren, IA 49785",Kolkata,0443240061
463,Linda Blake,Institution,"4397 Martin Crossroad Suite 010, Angelastad, MD 94938",Ahmedabad,8065625904
464,Amy Love,Institution,"22182 Christopher Lake, Matthewchester, WV 09620",Ahmedabad,6808662813
465,Anthony Vega,Household,"0033 Stephanie Dam, Marcusfurt, NY 38464",Chennai,0681039033
466,Lauren Richardson,Business,"PSC 2632, Box 8094, APO AA 73411",Bangalore,8623945354
467,Jeremy Faulkner,Business,"21061 James Port Suite 394, Stevenbury, KS 28918",Ahmedabad,0403253765
468,Kyle Norton,Institution,"91009 Mercedes Harbor, West Seanshire, CT 07518",Ahmedabad,3365146040
469,Timothy Clay,Household,"07201 Jenny Motorway, Josephshire, CA 96371",Delhi,0012316600
470,Amanda Brown,Institution,"473 Johnson Groves Apt. 370, Port Annachester, UT 64533",Chennai,0451957782
471,Steven Barber,Institution,"562 Watson Key Suite 278, Wardchester, PA 33688",Bangalore,5577820582
472,Kimberly Collier,Business,"61618 April Ports, West Sarahburgh, IN 90155",Delhi,0015715586
473,Victoria Perez,Institution,"308 Tyler Cliffs, Johnfurt, IL 71537",Pune,1130004132
474,Hunter Powell,Household,"6534 Harvey Neck Apt. 707, Michaelview, NJ 50800",Chennai,0018169957
475,David Rivas,Household,"6539 Johnson Inlet, Robinsonchester, AL 90131",Ahmedabad,9087182749
476,Tim Valdez,Household,"872 Carter Estates, West Carolynchester, TX 20790",Bangalore,3773062604
477,Gerald Vega,Business,"711 Donald Streets, South Tylerchester, VT 69336",Hyderabad,0015816704
478,Travis Howard,Institution,"10219 Elizabeth Mission, Angelafort, WY 86518",Hyderabad,9618033242
479,Jeanette Watson,Business,"84980 Beard Dam, Samanthafort, IL 25229",Ahmedabad,1777312688
480,William Jones,Business,"534 Brown Meadows Apt. 560, Lake Jessica, MO 59460",Chennai,1327986239
481,Andre Jones,Business,"054 Campbell Run, Kevinside, MD 40889",Bangalore,8769899927
482,Lisa Brown,Business,"9835 Solomon Port Apt. 543, Zacharychester, KS 78850",Chennai,3924358853
483,Sherri Little,Institution,"75367 Randolph Mount Suite 249, West Davidfurt, OH 52022",Bangalore,1347789489
484,Derek Jarvis,Household,"176 Edwards Dam Apt. 150, Port Chadville, ND 35682",Hyderabad,1630900159
485,Diane Allen,Business,"532 Angela Island Apt. 263, East Christopherview, NM 16827",Kolkata,3633792234
486,David Parker,Institution,"3311 Marquez Mills Apt. 696, New Kathyborough, TX 64925",Hyderabad,8550789679
487,Melinda Jackson,Household,"5643 Roach Light, Yushire, SD 91934",Hyderabad,7069556076
488,Susan Davis,Institution,"5472 Jeffrey Prairie, Port Barry, MN 06789",Hyderabad,0013121980
489,Diana Moon,Institution,"81319 Ashley Tunnel Apt. 487, Jacobsonbury, ID 79489",Ahmedabad,0011114281
490,Danielle Smith,Household,"088 Phillip Expressway Apt. 722, Port Chelsea, OK 37106",Ahmedabad,3721329016
491,Robert Byrd,Institution,"785 Walton Pine Suite 287, Port Benjamin, PA 48670",Ahmedabad,1966645057
492,Nicole Cole,Business,"463 Allen Forks, Kingfurt, VT 61476",Kolkata,3726032145
493,Stacy Wiggins,Institution,"8870 Jones Isle Apt. 482, North Dustinside, AR 03736",Pune,3850765975
494,Laurie Stephenson,Business,"089 Yolanda Drives Suite 574, East Kathleen, CO 81355",Kolkata,4630040236
495,Keith Mooney,Household,"04713 Herman Expressway, Wilsonmouth, MA 81345",Chennai,0015749885
496,Danielle Briggs,Institution,"8476 Stephanie Hills Suite 128, Port Kristen, IA 61363",Pune,1885666954
497,Christopher Olson,Household,"PSC 1506, Box 6626, APO AA 04511",Pune,5143776936
498,Gabriella Harper,Household,"11028 Vasquez Course, North Aaron, AZ 17996",Kolkata,5591024510
499,Thomas Clarke,Institution,"PSC 7149, Box 4981, APO AP 37783",Ahmedabad,1794281793
500,Amanda Phelps,Institution,"5844 Butler Freeway Suite 533, Hernandezberg, CO 08201",Pune,0011217221
501,Michelle Graham,Business,"370 Moore Fields Suite 100, Perryfort, TN 52600",Bangalore,0015725659
502,Dr. Charles Henson,Business,"3260 Crystal Station Suite 955, North Timothyhaven, IL 19874",Delhi,8486899936
503,Nicole Williams,Household,"176 Sloan Rest Apt. 593, Bakerton, IN 88113",Kolkata,0014640830
504,Jeffrey Benjamin,Household,"860 Mack Shore Apt. 793, Kimberlybury, OH 95622",Ahmedabad,2830615370
505,Jennifer Bullock,Household,"1448 Charles Drives, Port Sharonbury, WI 99912",Ahmedabad,2175188781
506,Heather Davis,Household,"409 Victoria Estates, West Ethan, UT 70599",Bangalore,7505661863
507,Marc Webb,Business,"378 Hughes Row, Jameston, NV 25153",Bangalore,9505560571
508,Brendan Meyer,Household,"7885 Colleen Bypass, Johnside, NE 38964",Ahmedabad,1042462456
509,Dr. Helen Jimenez,Business,"04521 Sarah Rapids Apt. 511, Katrinamouth, DE 24437",Kolkata,0013913044
510,Kimberly Ray,Institution,"416 Larry Wells Suite 154, East Caseyshire, CT 63019",Pune,7568142983
511,Christopher Wong,Institution,"073 Gary View, South Adam, KY 76089",Mumbai,0013783063
512,Kevin Bartlett,Business,"164 Smith Crescent, Garzaview, DC 76079",Pune,9132033016
513,Daniel Chung,Business,"106 Matthew Mission, East Jennifer, DE 48834",Ahmedabad,6684732365
514,David Hamilton,Institution,"784 Robert Heights, West Joshua, WI 02305",Delhi,8197543734
515,Mr. Casey Norman,Institution,"88214 Boyd Spurs Apt. 484, Smithshire, CT 32118",Mumbai,4389982780
516,Glenn Castillo,Household,"644 Courtney Skyway Suite 167, East Mark, MA 47278",Hyderabad,3857368011
517,Christine Gutierrez,Household,"Unit 1187 Box 2333, DPO AA 13196",Mumbai,4096149731
518,David Wilson,Business,"74820 Montoya Forge, Clayville, NY 76900",Mumbai,9406557820
519,Veronica Armstrong,Institution,"23023 James Hill, Brownmouth, RI 18132",Mumbai,1354621276
520,James Patel,Business,"12312 Rodriguez Forks Apt. 488, Oliviaburgh, PA 70342",Bangalore,1937629745
521,Raymond Marshall,Institution,"203 Ann Locks, North April, IN 17072",Hyderabad,0898138815
522,Anna Green,Household,"67323 April Road, Jonesside, WA 42685",Delhi,2450000001
523,Michael Castillo,Business,"509 Jennifer Knoll Suite 618, Karenview, CO 72036",Delhi,9987478122
524,Donna Howell,Business,"0867 Bradley Causeway Apt. 436, Danaland, VA 68119",Kolkata,8266913624
525,Anthony Collins,Business,"080 Brown Fords Apt. 699, Montgomerytown, RI 83894",Pune,2210401648
526,Deanna Vincent,Household,"3836 Allison Circles Suite 432, East Heatherport, GA 68884",Chennai,0014642036
527,Brian Yu,Institution,"64625 Todd Way Apt. 263, Matthewburgh, ID 96084",Pune,1764644898
528,Tamara Ingram,Institution,"88824 Swanson Dale Suite 905, West Gloriaton, LA 31803",Bangalore,3353849516
529,Renee Shaffer,Household,"718 Catherine Flat Apt. 913, Robinsonfurt, MD 30086",Bangalore,6011987561
530,Jonathan Russell,Household,"23009 Matthew Mall, New Davidhaven, IA 90730",Pune,5774491609
531,Brandi Brown,Institution,"89418 Perez Locks, Coopertown, DC 99659",Chennai,3223998213
532,David Johnson,Business,"88605 Kimberly Junction Apt. 766, Burchton, UT 13081",Bangalore,2600308356
533,Lawrence Meyers,Household,"71531 Katrina Glens Suite 506, South Ashley, SC 64106",Ahmedabad,8293844013
534,Grace Young,Institution,"0335 Brian Shores, Shannontown, AR 67006",Hyderabad,9914492074
535,Michelle Hanson,Business,"489 Davis Pike Suite 285, Walshshire, FL 43801",Hyderabad,0011408499
536,Ryan Roman,Institution,"6980 Dean Brooks, Mooreville, WV 55250",Delhi,7234838935
537,Lindsey Cox,Business,"804 Phyllis Lodge, East Rachelshire, NE 45241",Hyderabad,8269582641
538,Janet Gray,Institution,"08761 Katie Valley, Ashleyville, ID 35503",Bangalore,8239484002
539,Kayla Burke,Household,"PSC 6101, Box 6831, APO AE 88098",Ahmedabad,9500168094
540,Mark Jones,Business,"6283 May Road, North Jessica, SC 37174",Hyderabad,0777946207
541,Linda Cooper,Institution,"776 Tina Port, Port Kimberlytown, NC 88926",Pune,1413337312
542,Timothy Harris,Institution,"PSC 6178, Box 1703, APO AE 89372",Hyderabad,1920613638
543,Emily Mcdonald,Business,"1337 Patricia Plains Suite 449, Lake Susanshire, AR 18962",Hyderabad,4801644037
544,Brian Thomas,Household,"822 Alexis Estates Apt. 798, North Courtney, NC 55533",Pune,9857973638
545,Brian Robertson,Business,"0539 Moyer Brooks Suite 986, Beckerville, NJ 92266",Mumbai,6736820506
546,Angela Pittman,Household,"2165 Kimberly Plains Suite 146, Lake Charles, WI 23335",Pune,9259679089
547,Melanie Young,Institution,"022 Melissa Union Apt. 938, Proctorview, LA 85484",Kolkata,4959881145
548,Joshua Ellis,Institution,"715 Joe Plains, Westfort, ND 86579",Hyderabad,0974619177
549,Katherine Weaver,Institution,"722 Black Flat Suite 085, South Dawnbury, AR 91661",Hyderabad,0566957900
550,Casey Francis,Household,"2867 Gonzalez Knoll Suite 232, Kristinebury, ID 72090",Pune,0011562415
551,Tara Thompson,Business,"USCGC Jackson, FPO AP 23026",Delhi,9335895138
552,Trevor Burns,Institution,"509 Avila Trail Suite 430, West Courtney, TX 67650",Delhi,0011179720
553,Debra Johnson,Institution,"4154 Rodriguez Views, Jamesborough, HI 48487",Ahmedabad,1367813675
554,Brittany Lin,Business,"05276 Heather Pine Suite 809, Port Timothy, MN 17510",Chennai,8885622586
555,Tyler Shields,Institution,"8744 Devon Squares Suite 854, Jessicachester, WY 42093",Kolkata,0019428249
556,Abigail Williams,Household,"3931 David Wells Apt. 551, North Mario, AZ 68892",Chennai,6821444889
557,Kevin Carney,Institution,"367 Ball Highway Suite 202, Meghanburgh, MN 38238",Hyderabad,1832812312
558,Charles Randall,Institution,"106 Nicole Pike Apt. 647, East Jennifer, MI 03676",Bangalore,1276817225
559,David Mcpherson,Institution,"2629 Mark River Apt. 876, Lake Curtis, OH 24310",Mumbai,0017172173
560,Tammy Nguyen,Institution,"621 Lloyd Shoals, Lake Kevinside, FL 31493",Delhi,5539835844
561,John Newman,Business,"26430 Green Glen Suite 912, Munozshire, AL 24984",Ahmedabad,0012712053
562,Michelle Lewis,Household,"98832 Anthony Spring Apt. 256, New Jacobton, AZ 35275",Kolkata,0018797888
563,Joseph Glass,Institution,"04436 Lisa Walk, Danielland, GA 28032",Bangalore,0019102929
564,Nancy Lee,Household,"96713 Davis Crescent, South Brandon, VA 20396",Hyderabad,3217672019
565,Megan Wilson,Business,"20190 Taylor Junctions, Randolphborough, WA 96141",Pune,0493665380
566,Jordan Mcdowell,Household,"42114 Kristine Springs, Garrettberg, AL 76054",Chennai,1522946209
567,Cindy Estrada,Household,"970 Jeremy Motorway, East Joshuachester, OH 43314",Kolkata,1564230412
568,John Brown,Institution,"3874 Gabriel River, South Jenniferland, NE 77939",Hyderabad,6322481554
569,Caitlin Johns,Household,"40301 Christina Lodge, Elliottmouth, NE 40905",Hyderabad,1157955462
570,Robert Murray,Business,"018 Benjamin Burg, Spencerville, MO 36699",Hyderabad,0011726808
571,Nathan Mccann,Institution,"38067 John Mountain Apt. 510, Michaelhaven, NM 39853",Kolkata,6213009625
572,Kelsey Kelly,Household,"470 David Avenue Suite 339, Mooremouth, NE 52094",Ahmedabad,2159183270
573,Eric Rivera,Household,"07977 Robin Camp, Lake Dianashire, ND 72857",Bangalore,9490531520
574,Lee Johnson,Household,"9873 James Ramp Suite 166, Curtisfurt, FL 28849",Pune,4077943325
575,Linda Aguilar,Institution,"PSC 9701, Box 4262, APO AE 28595",Kolkata,0878211602
576,Stephanie Gardner,Household,"Unit 1359 Box 9898, DPO AP 59297",Pune,1170889480
577,Sarah Waller,Household,"PSC 4482, Box 2175, APO AP 67759",Hyderabad,0013978570
578,Francisco Estrada,Institution,"69149 Davis Rue, East Williamfort, OR 35944",Mumbai,9688276970
579,Kevin Perez,Business,"615 Williams Plaza, East Tony, UT 73011",Kolkata,1356517962
580,Stacey Howe,Institution,"668 Jennifer Ridge Suite 047, Edwardmouth, FL 74010",Hyderabad,1622593648
581,Peggy Adams,Institution,"062 Foster Drive, Guzmanland, AK 82190",Pune,1413193592
582,Dr. Michelle Rodriguez Md,Institution,"2304 Hawkins Court, Cooktown, GA 47728",Kolkata,4724191650
583,Keith Morales,Household,"182 Wheeler Ports Apt. 880, Murrayside, CT 36086",Chennai,7468135926
584,Theresa Gardner,Business,"969 Collins Parkways, Bradleyland, MA 77617",Delhi,5011929207
585,Amanda Wilson,Institution,"039 Clark Island Apt. 621, Markton, NM 01507",Kolkata,0994248942
586,Thomas Lutz,Institution,"896 Jimenez Causeway Suite 642, Port Krystalport, NE 48235",Chennai,7580974533
587,Scott Wood,Institution,"26540 Randy Isle Suite 300, Martinburgh, HI 20444",Mumbai,2767746259
588,Douglas Lucero,Institution,"860 Kathleen Plain Apt. 179, Olsonfort, DC 26175",Ahmedabad,2995704726
589,Sarah Little,Institution,"120 Allison Forks, Petersonchester, UT 77668",Hyderabad,0016807852
590,Melissa Hall,Institution,"4006 Torres Land Suite 752, Port Nicole, DC 25869",Pune,7489791776
591,Dana Carter,Household,"2038 Cohen Viaduct, South Michaeltown, ND 08467",Bangalore,9630453069
592,Veronica Nguyen Dds,Household,"353 Smith Walks Apt. 816, Wellsport, CA 56204",Delhi,2444544608
593,Karen Harvey,Business,"53912 Horne Passage, Morganfurt, RI 74936",Ahmedabad,0016988290
594,Brandi Mendoza,Household,"246 Benjamin Corners Suite 424, East Marie, IN 78147",Mumbai,2833912187
595,Lacey Lucero,Household,"983 Dustin Cape, North Jacobburgh, AL 02634",Bangalore,8676610089
596,Kristin Pham,Business,"08143 Reyes Course Suite 038, Sarahbury, CO 77785",Ahmedabad,0746823546
597,Raymond Smith,Business,"05459 Kim Club Suite 006, Comptonfurt, KY 12563",Pune,0654113407
598,Ashlee Mendez,Institution,"PSC 9497, Box 0890, APO AA 74123",Bangalore,0013668348
599,Jimmy Smith,Business,"889 Thomas Springs Suite 915, West Leahchester, MN 59946",Mumbai,9760932012
600,Michael Mcneil,Business,"0418 Kathleen Ports, Sarahland, NH 47845",Pune,8517774127
601,Michael Davenport,Business,"99626 Thompson Divide Suite 589, South Brianview, VA 48531",Delhi,2185457056
602,Brenda Richard,Institution,"900 Crystal Forges, Robertton, GA 28192",Kolkata,4728289540
603,John Pearson,Household,"PSC 8224, Box 7312, APO AA 10002",Ahmedabad,8507105801
604,Sarah Blackwell,Business,"2610 Perez Viaduct, Brownshire, ID 06248",Chennai,7169500741
605,Laura Collins,Business,"29876 Michelle Loop Suite 294, Sueville, VA 12047",Mumbai,1827348131
606,Raymond Beck,Institution,"74357 Warren View, West Monica, MT 69961",Kolkata,6486067398
607,Mitchell King,Institution,"425 Patrick Union, Richardberg, AR 43865",Kolkata,0774065795
608,Clayton Summers,Household,"1074 Elizabeth Rapid Apt. 311, South Kimberlyfurt, PA 90505",Pune,2547602206
609,Jacqueline Hall,Business,"120 Elizabeth Falls Suite 595, North Ericchester, UT 07156",Chennai,5153259479
610,Jeffrey Williams,Household,"3279 Sarah Station, Dawnbury, WV 09120",Ahmedabad,0649340391
611,Gregory Pace,Household,"89411 Sims Court Apt. 599, New Michael, WV 32434",Chennai,9520561006
612,Alec Duncan,Institution,"USS Jones, FPO AA 94496",Delhi,7403784233
613,Tracey Brooks,Household,"7762 Murphy Forge, Lake Michael, CA 65149",Kolkata,6542624178
614,Kevin Burton,Household,"34511 Jo Bypass, Lake Pattychester, TX 06582",Bangalore,3088684302
615,Daniel Taylor,Institution,"PSC 4575, Box 9887, APO AA 74634",Chennai,1299642603
616,Cynthia Lambert,Household,"275 Meyer Club, Stevenmouth, AK 91583",Chennai,1207115238
617,Carol Holland,Institution,"58189 Sharp Spur, Arianachester, WI 15189",Chennai,6385588195
618,Jose Fletcher,Household,"78931 Franklin Drives Suite 284, Suzanneport, AR 86662",Kolkata,8227200283
619,Kimberly Garrett,Household,"20414 Freeman Harbors, Lake David, NC 98513",Delhi,1659930202
620,Daniel Williams,Business,"USNS Robinson, FPO AE 17616",Bangalore,0017752135
621,Anthony King,Household,"9377 Kelly Prairie, New Amandaberg, CA 90126",Hyderabad,2916174690
622,Caitlin Curry,Household,"43841 Myers Drive, Port Mistyville, NM 02334",Mumbai,0568566706
623,Jennifer Ward,Institution,"4076 Petty Spur Suite 933, Cooperport, PA 49905",Delhi,7322626114
624,Dawn Floyd,Household,"854 Craig Passage Apt. 879, Lake Cindychester, SC 31971",Delhi,0014199643
625,Chelsea Diaz,Business,"34303 Christian Village, Melindahaven, MO 04169",Chennai,4576947576
626,Heather Allen,Institution,"6698 Rivers Circles Suite 342, East Matthewstad, ND 91955",Kolkata,9594815269
627,Richard Watson,Household,"2130 Berg Harbor Apt. 359, West Hunterville, LA 07400",Bangalore,1489332614
628,Matthew Ellis,Business,"81785 Douglas Crest, West Jessicamouth, OH 37312",Delhi,2354268744
629,Carla Wong,Household,"865 Jeffrey Mills, Chavezshire, MO 89887",Pune,6337014005
630,Holly Banks,Institution,"02722 Kyle Island, Batesborough, NE 03970",Mumbai,1439136817
631,Marcus Bell,Institution,"09297 Maurice Stravenue Suite 953, East Gary, UT 58525",Mumbai,9389920457
632,Sandra Harrington,Business,"23661 Stanton Mountains Suite 108, Williamsburgh, PA 65753",Ahmedabad,8236010712
633,Hector Bruce,Business,"821 Wade Ville, Leblancview, KS 53262",Mumbai,3574223322
634,Dorothy Osborn,Business,"225 Brown Falls, Jasonton, MS 32252",Chennai,1731180467
635,Crystal Hansen,Institution,"852 Pamela Cliffs, Port Paul, TN 08015",Delhi,4639756154
636,Rebecca Zuniga,Institution,"64119 Rivera Groves Apt. 919, Vargasborough, MD 59596",Hyderabad,1752070204
637,Christopher Smith,Business,"21241 Ashley Terrace Suite 967, Sullivanshire, NJ 28762",Delhi,2677319227
638,Megan Johnson,Household,"USCGC Wong, FPO AA 46692",Ahmedabad,3943191654
639,Troy Powers,Business,"31202 Brenda Knoll Apt. 576, Victoriashire, NH 37737",Pune,0002687644
640,Jerome Cole,Institution,"3656 Jonathan Isle, North Richardstad, UT 29414",Mumbai,3096496927
641,Brenda Dominguez,Business,"59702 Bailey Estates, South Robert, NE 39784",Ahmedabad,1594898959
642,Thomas Gutierrez,Household,"4434 Floyd Turnpike Suite 916, Port Catherine, VT 34380",Mumbai,9743946408
643,Kevin Mason,Business,"398 Garcia Estate Apt. 097, North Hayley, NJ 06183",Bangalore,5485346557
644,Andrew Ramirez,Household,"1293 Mackenzie Divide Suite 121, Lake Michelle, MO 47193",Bangalore,9635957086
645,Isaac Evans,Business,"6311 Sarah Plaza Suite 034, East Maria, TN 97607",Kolkata,0334742463
646,Alicia Hall,Business,"680 Andrea Run Suite 294, Mullinston, SD 12254",Hyderabad,1774174304
647,Raven Richardson,Business,"946 Morgan Mission, Jessicaburgh, ID 17996",Pune,2930202569
648,Craig Ortiz,Household,"675 Samuel Meadow, Port Timothy, MI 98923",Mumbai,3024530123
649,Daniel Moran,Institution,"USNS Williams, FPO AP 39298",Chennai,1901722240
650,Miranda Hendricks,Business,"177 Summers Loop Apt. 992, Brendanstad, ND 30305",Ahmedabad,1727258122
651,Rebekah Richards,Household,"8448 Stacey Oval Apt. 379, Port Jacobberg, CO 06680",Pune,8780358690
652,Stephanie Roach,Business,"4039 Michael Radial, Heatherburgh, MD 96867",Ahmedabad,0011712227
653,Scott Hernandez,Business,"5496 Regina Streets, Lake Amberborough, LA 39092",Pune,7048878995
654,Alexandra Brooks,Institution,"95377 Hanson Falls Suite 632, Robertview, NV 65775",Mumbai,5225920616
655,Brandi Valdez,Business,"94115 Robinson Drive, Leslieshire, IN 57634",Pune,7262942066
656,Matthew Hanson,Business,"33138 Bradley Ports Apt. 211, Port Edwin, HI 10497",Hyderabad,4815826868
657,Ashley Aguilar,Business,"806 Zhang Terrace Apt. 006, New Sarah, NM 58466",Bangalore,1873585664
658,Claudia Barrett,Institution,"622 James Brook, Hannahton, GA 80682",Ahmedabad,8314789117
659,Jennifer Lynch,Household,"Unit 4981 Box 2831, DPO AP 72531",Mumbai,0366602000
660,Craig Martin,Household,"10505 Joseph Pines Apt. 805, South Megan, GA 87006",Mumbai,0019900768
661,Christine Wiggins Dds,Business,"76185 Nicole Plains, Thompsonmouth, IA 57393",Mumbai,1410132823
662,Brittany Nunez,Institution,"2791 Nguyen Track, South Stephaniefort, MS 12949",Kolkata,1065920881
663,Jeremy Ortiz,Household,"9698 Amber Hills, Donnaburgh, TX 02681",Delhi,0012665686
664,Dan Jensen,Institution,"5394 Fuller Branch, Rojasberg, PA 03446",Kolkata,4729669417
665,Mr. Juan Larson,Institution,"8599 Sullivan Club Apt. 984, South Stevenport, NH 68525",Mumbai,1536988164
666,Ricky Jackson,Business,"52102 Taylor Mount Apt. 664, North Maryburgh, ND 33618",Kolkata,8130889830
667,Kimberly Young,Institution,"1856 Alexis Mission Suite 000, North Erin, MS 89475",Pune,1995305641
668,Veronica Ortega,Institution,"PSC 4679, Box 0870, APO AP 16008",Delhi,7260013651
669,Darlene Guzman,Business,"USCGC Webb, FPO AP 45451",Hyderabad,8652406221
670,Breanna Randolph,Business,"19053 Sarah Rue, Scotttown, NM 40779",Mumbai,6484559396
671,Emily Burns,Institution,"5531 Jacqueline Wall, North Joycefurt, TN 24727",Chennai,1732772648
672,Monique Williamson,Household,"522 Jackson Ville Suite 251, Wilsonhaven, NM 48767",Ahmedabad,1171050805
673,Eric Ruiz,Household,"2478 Rodriguez Turnpike, Wilsonshire, UT 75353",Mumbai,3449305378
674,Joseph Fisher,Business,"338 Ronald Camp, Hunterburgh, OH 09455",Kolkata,2787304862
675,Jeremy Torres,Household,"3780 William Way, West Rogerfort, LA 37098",Hyderabad,7177629691
676,Larry Scott,Institution,"5099 Hannah Creek Apt. 898, Timothyshire, ND 31165",Chennai,1521189684
677,Elizabeth Potter,Business,"PSC 9795, Box 7285, APO AA 43570",Delhi,1958281902
678,Lisa Prince,Institution,"48839 Roach Mountain, West Karenhaven, KS 43588",Hyderabad,4367286811
679,Daniel Johnson,Household,"8119 Chelsea Overpass Apt. 459, Port Andrewshire, GA 14311",Bangalore,7905528669
680,Ronald Edwards,Business,"705 David Locks, Lake Julieville, IA 77111",Hyderabad,0382974255
681,Nathaniel Williams,Business,"181 Justin Circle Apt. 437, South Chad, UT 70091",Kolkata,3662713589
682,Robert Brown,Household,"561 Chen Highway Suite 315, Hooverbury, NM 74962",Bangalore,5511643690
683,Sara Bartlett,Household,"0289 Barajas Run, Ortizmouth, IA 39165",Pune,8164416101
684,Melissa Haley,Household,"8464 Theresa Crossing, East Elizabethside, DC 64780",Bangalore,0427636281
685,David Nelson,Institution,"530 Andrews Cape, Simpsonview, WV 86913",Delhi,1092288498
686,Michael Guerra,Household,"71743 Darlene Manors Apt. 164, East Kevinborough, NY 69014",Chennai,8738775833
687,Duane Wells,Business,"30909 Sheri Keys Apt. 860, New David, MI 35170",Pune,0412319057
688,Adam Chang,Business,"794 Annette Estate, Nathanbury, OH 84812",Kolkata,0979412248
689,Alyssa Cross,Household,"649 Harris Fall, Christianfort, ME 19395",Kolkata,4043261189
690,Corey Reyes,Business,"07028 West Shoal Apt. 020, New Matthewbury, MT 95061",Kolkata,1953689005
691,Larry Johnson,Institution,"59007 Christina Corners, Port Kimberly, NV 23001",Mumbai,1138690871
692,Kathleen Lopez,Household,"4617 Ashley Plaza Apt. 707, Kirkchester, FL 30068",Bangalore,0014422521
693,Brenda Oconnor,Household,"USS Aguilar, FPO AA 97744",Delhi,7269032655
694,Blake Owens,Institution,"245 Silva Keys, South Benjaminville, OK 87980",Mumbai,5891268649
695,Stacey Scott,Business,"37600 Collins Green Apt. 837, New Danielton, LA 81727",Ahmedabad,0012164006
696,Victor Garrett,Institution,"48486 Cole Canyon Apt. 139, Floreschester, FL 94140",Pune,2123720550
697,Pam Smith,Business,"46739 Cheryl Alley Apt. 141, Yatestown, CO 50895",Ahmedabad,0012327379
698,Lisa Price,Business,"8186 Cooke Loaf Apt. 000, Gabriellebury, DE 13186",Hyderabad,0013711815
699,Kenneth Ballard,Household,"40153 Farmer Harbors, Jenkinsmouth, MS 75835",Mumbai,1944946672
700,Stanley Le,Business,"822 William Ranch, Tammyberg, MO 18947",Pune,8581745273
701,Heather Maddox,Household,"57004 Erik Court, New Jacqueline, OH 15730",Hyderabad,1612559046
702,Dennis Ortiz,Institution,"382 Miller Corners, East Tonya, OK 96839",Ahmedabad,1615120485
703,Robert Vance,Institution,"PSC 4460, Box 4227, APO AA 29174",Hyderabad,1460191530
704,Debbie Bailey,Household,"USS Henry, FPO AA 70592",Chennai,2512726708
705,Jason Lamb,Business,"USCGC Cisneros, FPO AE 36684",Delhi,9768784947
706,Bobby Moore,Household,"0061 Mason Orchard, Teresaberg, MD 36136",Chennai,4046682121
707,Mark Bridges,Business,"54920 Keller Harbor Suite 111, Schroederside, CO 70125",Chennai,7306343594
708,Sharon Drake,Household,"680 Sullivan Way Apt. 511, East Christopherstad, ID 86551",Hyderabad,0014123016
709,Brian Blair Phd,Business,"20319 Pierce Ramp, North Christopherview, AL 28007",Kolkata,7131719786
710,Teresa Sutton,Household,"841 Bruce Roads, Underwoodmouth, MN 01736",Delhi,1113753582
711,Sharon Wallace,Business,"79037 Sonia Coves Suite 088, Port Christinaberg, ID 89216",Pune,1964771837
712,Kristin Rodriguez,Household,"PSC 2480, Box 8557, APO AP 04626",Bangalore,2443236221
713,Andrew Holder,Business,"574 Estrada Brooks Suite 751, Harveyville, OK 48299",Chennai,0012150164
714,Jack Krause,Institution,"USNV Orozco, FPO AE 37472",Kolkata,1983924848
715,Alexander Turner,Household,"105 Brandon Courts Suite 167, Kathrynside, UT 38616",Pune,3395348110
716,Jennifer Mack,Institution,"57385 Garner Way Apt. 281, Velezmouth, CT 18062",Delhi,9597815542
717,Todd Williams,Business,"36024 Graham Street Suite 467, Thomasstad, NV 13837",Delhi,7308715647
718,Margaret Hall,Business,"17543 Kimberly Mills, Loriport, MD 92995",Mumbai,2602925468
719,Jose Evans,Business,"4207 Vega Divide Suite 135, Lake Amy, MO 62876",Pune,2592386879
720,Kelly Long,Institution,"55340 Kramer Spur, South James, WA 11485",Pune,9764053567
721,Mr. David Graham Jr.,Institution,"84227 Michelle Summit, South Jessica, AR 93059",Pune,2271117576
722,Tracy Rodriguez,Business,"98514 Hood Lodge Apt. 052, Port Rogershire, IL 77114",Mumbai,2026980142
723,Debra Poole,Business,"77031 Bradshaw Mission, West Ginaton, OR 26490",Delhi,2672446931
724,Jessica Hart,Business,"80839 Judith Throughway Suite 402, Christinaside, CT 92104",Bangalore,1393272728
725,Courtney Pearson,Institution,"26676 Holloway Motorway Apt. 845, New Tracy, WA 82630",Ahmedabad,0015070886
726,Wendy Molina,Institution,"08019 Brooke Expressway, Port Christian, WI 39729",Kolkata,9044890932
727,Hannah Lee,Household,"35102 Bullock Valley, Mauriceton, RI 96103",Pune,5450369888
728,Richard Hanson,Household,"24362 Anderson Valleys, West Anneside, IN 16550",Chennai,4412907596
729,Shannon Burke,Business,"23763 Timothy Inlet, Joshualand, AL 50823",Pune,9419375919
730,James Jones,Institution,"3626 Wells Drive Suite 461, Lake Anthony, NE 16290",Mumbai,3009928452
731,Brian Gomez,Business,"0514 Jennifer Dam Apt. 914, Lake Maureen, NV 64085",Hyderabad,0017247925
732,Kathryn Young,Institution,"819 Jill Avenue Suite 877, South Trevorfurt, OK 26489",Kolkata,3299865159
733,Carol Mcdonald,Household,"4085 Moss Pines Apt. 825, Pagefort, MO 23032",Kolkata,8467292543
734,Marcia Flores,Household,"82225 Kari Place Apt. 562, Sethside, ID 77700",Mumbai,0014201223
735,Lisa Rios,Institution,"26604 Clayton Center Suite 632, South Maryton, VT 30857",Mumbai,1101933538
736,John Miller,Institution,"06082 Tucker Camp Suite 646, Lake Kaitlinton, NE 17514",Chennai,4385009537
737,Ronald Hopkins,Business,"36109 Campbell Course, Evansborough, CT 51499",Kolkata,4413727768
738,Nicole Henderson,Institution,"429 Lori Meadow Apt. 755, New Andreatown, NM 81729",Bangalore,1932420248
739,Angela Crawford,Household,"5386 West Trace Apt. 254, Juliefurt, WV 18433",Mumbai,8904723864
740,Shannon Garrett,Household,"16435 Mary Bypass Apt. 781, Emilyton, NM 85375",Hyderabad,1614378844
741,Paul Bridges,Household,"USNV Johns, FPO AA 54777",Bangalore,2636815418
742,Teresa Hernandez,Institution,"108 Cook Square, Santosside, AK 38519",Bangalore,5660503374
743,Leslie Sanchez,Institution,"730 Ruiz Turnpike Apt. 822, South Robert, NJ 75819",Mumbai,1419087886
744,Amber Ruiz,Household,"42898 Archer Burg Suite 504, East Maria, NH 08192",Ahmedabad,8618670663
745,Christopher Galvan,Business,"3992 Emily Port, South David, MT 92569",Ahmedabad,3371708649
746,Daniel Dominguez,Institution,"35490 Justin Trail, Colefurt, HI 08825",Kolkata,1587305498
747,Natalie Ramirez,Institution,"217 Robert Parkway, South Cynthiaview, IN 89341",Kolkata,5890164928
748,Aaron Ayers,Household,"0926 Williams Causeway, North William, AZ 68341",Ahmedabad,1172628296
749,Travis Guerrero,Household,"895 Darlene Mountain, Christopherchester, AL 55942",Ahmedabad,0011961276
750,Kerry Pittman,Business,"0263 Ramirez Forge, Leahfurt, SD 24602",Hyderabad,1458701204
751,Albert Davis,Business,"PSC 3753, Box 0284, APO AP 59660",Delhi,0396702436
752,Daniel Duran,Business,"875 Frazier Gardens, Wilcoxview, NY 72169",Mumbai,1597738546
753,Zachary Yu,Business,"6799 Campbell Cliffs, West Bonnie, NM 87870",Ahmedabad,2042986226
754,Betty Reyes,Business,"962 Patricia Lane Apt. 998, East Malik, WA 63082",Delhi,8877792560
755,Amber Meza,Household,"53983 Eric Crossroad, Smithtown, CA 38458",Kolkata,0762914304
756,Dan Cain,Business,"872 Brittany Plains, Newmanfurt, GA 97793",Mumbai,1240592082
757,Jessica Dunlap Md,Institution,"USCGC Martinez, FPO AP 71961",Mumbai,5682017530
758,Jason Garcia,Institution,"2404 Laura Inlet Suite 412, Jeremiahland, ID 63698",Pune,1956100777
759,Brandon Johnston,Business,"59991 Zachary Fields, South Billy, VA 24598",Delhi,4474890476
760,Patricia Edwards,Business,"765 Kimberly Rest, Port Thomaston, UT 73555",Chennai,0015173289
761,Angel Norton,Business,"8115 Green Stravenue Suite 539, South Brandonfort, NJ 00853",Ahmedabad,4093045418
762,Albert Juarez,Institution,"18039 Long Estates, East Willieside, MO 90218",Bangalore,0788026529
763,Jeffrey Burke,Household,"6230 Cassidy Mountain, Josephtown, NY 07503",Ahmedabad,0016708987
764,Miranda Schwartz,Household,"11326 Garcia Isle Suite 858, West Frankfurt, HI 86764",Kolkata,1960472205
765,Taylor Gregory,Institution,"4470 Samantha Flat Apt. 714, Reeseshire, VA 32466",Mumbai,0014676626
766,Laura Livingston,Institution,"61840 Nathaniel Via, Smithfurt, MO 06847",Bangalore,0630663605
767,Adam Gardner,Household,"091 Brian Streets, Lake Anthony, DC 03555",Chennai,1452375979
768,Chelsea Long,Institution,"27574 Scott Groves Apt. 054, Heathermouth, NY 12371",Ahmedabad,8081896558
769,Stephen Bruce,Business,"2295 David Ridges Suite 056, Smithchester, MT 18790",Bangalore,8607047266
770,Amy Gordon,Business,"01731 Crawford Court Suite 605, Armstrongstad, HI 34010",Kolkata,1339547940
771,Robert Benson,Business,"Unit 7905 Box 7191, DPO AP 69276",Pune,1986646936
772,Frank Lawson,Business,"8057 Kelsey Gardens Suite 718, Johntown, SD 13642",Kolkata,0012209567
773,Briana Mccarthy,Institution,"239 Roberts Canyon, Port Ann, MD 31967",Delhi,0012676992
774,Sharon Pearson,Institution,"209 John Alley, South Christinabury, HI 68168",Kolkata,4234719982
775,Frank Miller,Household,"60756 James Forges Apt. 006, Traciborough, FL 24658",Kolkata,0016227777
776,Monica Johnson,Household,"85036 Matthew Island, New Wesley, DC 83099",Pune,1074027406
777,Jason Watson,Business,"PSC 6200, Box 3638, APO AP 47271",Hyderabad,1646149745
778,Claudia Matthews,Institution,"984 Jonathan Squares Suite 099, Lisatown, LA 78779",Bangalore,0013266432
779,Christopher Kelley,Business,"159 Hart Junction, West Allen, CA 24415",Mumbai,1762239847
780,Melissa Brown,Institution,"37887 Mark Plains, Carloshaven, MS 91927",Bangalore,3495647998
781,Tracy Myers,Business,"679 Bradley Underpass Suite 383, Port Christinemouth, ID 52270",Hyderabad,0809261662
782,Jason Kelly,Institution,"864 Porter Pike Suite 555, Bellburgh, NJ 56986",Pune,0006875868
783,Jason Gomez,Household,"44418 Fitzpatrick Avenue, Port Melanie, ID 69875",Mumbai,8608357017
784,Elizabeth Zuniga,Business,"602 Laura Isle, New Cherylside, AK 80286",Pune,0014134909
785,Don Branch,Institution,"56948 Kent Canyon, Harrisfurt, UT 65007",Kolkata,8095739405
786,Jessica Jackson,Household,"03158 Martin Harbors Apt. 734, North Jeremy, WA 58175",Mumbai,1774867595
787,Melissa Griffith Md,Institution,"586 Rodriguez Manor, East Deborah, GA 56778",Pune,5869427674
788,Christine Sweeney,Institution,"6293 Nathan Valleys, South Amberberg, WI 19726",Kolkata,5594698906
789,Connie Wells,Household,"23790 Jeanette Underpass, Stewartview, VT 71562",Kolkata,1708477954
790,Kevin Jones,Business,"3781 Aguilar Islands, Morrisonside, ME 48944",Bangalore,9626838488
791,Tina Jennings,Household,"96121 Crystal Isle, New Natalieside, FL 74828",Kolkata,1886182070
792,Kevin Robinson,Business,"8933 Whitehead Pass, Stanleymouth, AZ 32300",Chennai,0015067578
793,Jeremy Mcbride,Household,"31555 Erin Trafficway, Scottton, DC 84873",Bangalore,8799384440
794,William Medina,Household,"1470 Karen Forks, Melissaborough, ND 58692",Mumbai,5689109779
795,Anthony Khan,Business,"456 Baker Mountains Suite 036, Mckaytown, NE 29065",Mumbai,9573783159
796,Holly Mccarthy,Institution,"731 Nixon Trail, Lake Benjamin, CO 43941",Delhi,1542332416
797,Gregory Rodgers,Institution,"0734 Norton Vista Suite 462, West Juliashire, ND 37651",Kolkata,1174916170
798,Anna Cunningham,Institution,"34476 Janet Glens Apt. 774, Lake Wendyshire, VA 16934",Bangalore,1643302650
799,Lauren Mann,Institution,"6771 Fritz Loop, Cisnerostown, MD 98360",Pune,3420222349
800,Christine Kim,Household,"7590 Thomas Mission, West Edwardport, MO 16268",Bangalore,4092335174
801,Brenda Lamb,Household,"637 Noah Cliff, Jillfurt, RI 83562",Bangalore,5922776414
802,William Paul,Institution,"344 Golden Locks, Taylorside, ND 30476",Ahmedabad,0010473314
803,Melissa Brooks,Household,"51149 Fox Mountain, Jasonberg, UT 01559",Pune,0954377661
804,Kathryn Brown,Business,"14391 Davis Circles Suite 367, Jacksonville, AL 64186",Chennai,1187109685
805,Gary Gibson,Business,"69331 Mcmahon Fall, North Richard, HI 26091",Hyderabad,2865505224
806,Anne Kramer,Institution,"0151 Flores Radial Apt. 016, Orozcoborough, WA 68567",Ahmedabad,2224005392
807,Christopher Watson,Household,"90113 Ferguson Fords, New Craig, SD 23348",Chennai,2861323945
808,Eric Mason,Business,"760 Joseph Passage Suite 634, Lake Brian, OR 47242",Ahmedabad,6773498529
809,David Sullivan,Household,"266 Cervantes Port Apt. 476, West Kristin, SC 67465",Kolkata,9664147533
810,Kevin Wood,Institution,"6653 Clark Prairie Suite 298, Julieberg, ID 93178",Ahmedabad,0016792415
811,Daniel Hopkins,Business,"639 Robert Courts Suite 824, Lawrencebury, PA 99073",Hyderabad,0018161538
812,Jonathan Clark,Business,"2014 Olsen Plaza, New Paulafurt, KY 75715",Pune,1214639476
813,Marvin Massey,Household,"4563 Carla Mount, Lake Sarah, OR 83156",Chennai,0369481126
814,Jason Mayo,Institution,"53910 Stephanie Coves, West Kristen, AK 15389",Bangalore,3994901333
815,Jennifer Olson,Business,"140 Davis Circle Apt. 679, North Charles, ND 12447",Delhi,6049910042
816,Amanda Moreno,Institution,"1680 Nancy Rapids Apt. 342, Port Kaylaview, WA 43640",Ahmedabad,8420353160
817,Tanya Garcia,Business,"PSC 6015, Box 7117, APO AE 27145",Mumbai,1940247028
818,Mary Roberts,Institution,"452 Peck Club Apt. 678, Travisport, NE 25079",Mumbai,1138107491
819,Martin Wilson,Business,"31535 Robert Shore, Churchburgh, CA 53784",Mumbai,1455252741
820,Jack Tucker,Household,"899 Meyer Knolls Suite 694, North Anthony, OR 82901",Hyderabad,0015675635
821,Angelica Moore,Business,"5046 Thomas Shore Apt. 144, Port Jeffreyfurt, SD 55679",Bangalore,4087100668
822,Megan Mcneil,Business,"2820 Russell Fields, North Michaelburgh, IN 19221",Mumbai,1222824084
823,Christopher Lee,Household,"Unit 9940 Box 0410, DPO AP 98976",Ahmedabad,1479135113
824,Samantha Bautista,Business,"2289 Sandra Avenue Suite 415, Hawkinston, WV 61365",Delhi,3028010419
825,Shelby Martinez,Business,"447 Marsh Heights, New Benjamin, SD 67339",Delhi,1893063578
826,Anne Holloway,Business,"3699 Luis Isle Suite 575, Heiditown, WV 36972",Kolkata,9069690452
827,Rebecca Patterson,Household,"5673 Shaun Groves, Scottton, MO 42227",Pune,7613681498
828,Hunter Reid,Household,"6992 Phillips Hollow, Ayalafort, HI 42851",Kolkata,8423242348
829,Andres Miller,Household,"55369 Mark Junction Suite 749, South Grantfort, MS 02460",Delhi,4257033329
830,Megan Carter,Business,"58286 Brandon Brooks, New Ryan, UT 81403",Mumbai,1172174292
831,Joshua Hammond,Institution,"PSC 5392, Box 6693, APO AA 01150",Kolkata,3250313928
832,Chris Butler,Household,"93335 Tracy Oval, New Bryanton, AK 24592",Bangalore,0019561622
833,Heather Greene,Household,"923 Justin Tunnel Suite 323, South Debramouth, WY 70555",Hyderabad,0011456474
834,Melissa Garcia,Business,"6665 Melvin Shoals Suite 612, Port Barbaraside, UT 85436",Bangalore,7806190223
835,Jessica Hughes,Institution,"53223 Martinez Knolls Apt. 126, Deborahstad, IN 65772",Ahmedabad,1429430003
836,George Odonnell,Business,"13246 Greene Road, Jamesborough, NJ 99455",Delhi,1417837659
837,Gina Clark,Household,"14065 Isabella Lock, Jackmouth, WY 29379",Delhi,1272455337
838,Jasmin Harrison,Business,"496 Fred Via Suite 510, Richardberg, AL 54669",Chennai,0012965685
839,Pamela Christensen,Household,"93509 Silva Forge Suite 421, New Daniel, WY 86581",Pune,0223477804
840,Shawn Brooks,Household,"070 Jerry Ridge Apt. 147, Port John, SD 96332",Hyderabad,0945167670
841,Jason Robinson,Household,"01122 Lorraine Ville Apt. 848, Davidview, ND 27179",Hyderabad,3679608289
842,Nathaniel Little,Household,"54946 Andrew Land Suite 490, Port Jacobview, MN 12766",Delhi,0013500115
843,Richard Schmidt,Household,"038 Justin Route, North Juanview, CA 46188",Pune,6851353814
844,Harold Williams,Institution,"68564 Rodriguez Ville, Dunnton, PA 05377",Ahmedabad,7169883716
845,Jacob Reilly,Household,"19976 Kelly Street Apt. 326, South Mollymouth, AK 44126",Mumbai,1353458195
846,Michael Gardner,Business,"99824 Paul Shoals, North Taylor, UT 63674",Delhi,8015846687
847,Jose Harris,Institution,"PSC 7276, Box 6983, APO AA 42005",Chennai,5025285461
848,April Stephens,Institution,"972 Danielle Track, New Michelle, GA 63911",Bangalore,7711842527
849,Amy Ramos,Business,"24234 Burns Springs, West Joannefort, UT 87298",Pune,7196199716
850,James Carrillo,Household,"968 James Tunnel, Allenstad, GA 37404",Kolkata,6537932219
851,David Riggs,Household,"54736 Kathryn Isle Suite 911, Benjaminville, CA 52532",Pune,0012600802
852,Susan Harper,Household,"54883 Vasquez Corners, North Justin, NJ 75229",Mumbai,4638664320
853,Anna Cooley,Institution,"665 Kimberly Divide, Philipmouth, OR 22317",Kolkata,0017240002
854,Emma Lawrence,Household,"3271 Best Flats Apt. 335, Kirkborough, PA 93924",Delhi,0013010009
855,Monica Pacheco,Business,"83541 Stephens Rapid, New Felicia, WA 30662",Ahmedabad,4376613662
856,Maria Hunt,Household,"68159 Chan Square, Kaylatown, MI 94585",Pune,1105833096
857,Dale West Md,Business,"Unit 1891 Box 4269, DPO AE 62677",Hyderabad,5016767187
858,Claire Mcintosh,Institution,"16276 Brittany Ferry Suite 667, New Hollyborough, SD 52547",Delhi,6522898907
859,Kevin Stokes,Business,"55977 Hernandez Islands, Jamestown, ID 73513",Mumbai,8050141716
860,Laura Ashley,Business,"5188 Miller Crescent Suite 860, Port Deniseton, VT 79598",Chennai,4492878757
861,Lori Day Phd,Institution,"12501 Houston Camp, Hillshire, AK 53126",Mumbai,1952223369
862,Alexis Farley,Institution,"42662 Miles Ports, Coxfort, WA 83739",Kolkata,0571446956
863,Katherine Clark,Household,"3451 James Meadow Suite 583, Williamport, WA 30469",Delhi,1586267366
864,Roberta Kennedy,Business,"943 Kendra Run, Wiseside, TN 85544",Kolkata,4369580504
865,Amanda Thompson Md,Institution,"73429 Ashley Square, Griffinfort, FL 77871",Bangalore,4503801625
866,Melissa Fields,Institution,"28143 Perez Circles Apt. 794, Port Jeffrey, RI 99910",Ahmedabad,3111235904
867,Brittany Hamilton,Institution,"510 Crawford Pines, New Jennifer, MI 38846",Ahmedabad,1460919351
868,Michael Barker,Institution,"72816 Gonzalez Mills Suite 612, Lake Loganfort, NE 94760",Bangalore,0012641260
869,Kevin Fitzpatrick,Household,"96303 Dodson Mews, Everettport, AZ 93860",Mumbai,9982267312
870,Amanda Shaw,Institution,"420 Mike Via, South Kenneth, TX 19474",Ahmedabad,1231342755
871,Cody Lynch,Household,"9044 Paula Pike Apt. 436, Jeffreyland, AZ 90373",Hyderabad,1297711506
872,Steven Choi,Household,"28162 Julia Street Suite 392, North Brittney, MO 74845",Delhi,5737671052
873,Melanie Freeman,Household,"9915 Brian Harbor Suite 002, East Kimberlyfurt, NC 32487",Delhi,1789034502
874,James Juarez,Business,"0934 Cohen Mount, Kennethland, VT 95344",Hyderabad,3688101382
875,Benjamin Savage,Institution,"46018 Moore Alley, East Amandaside, MN 31440",Pune,0831681636
876,Cynthia Cunningham,Institution,"736 Steven Pass, Deborahchester, HI 06552",Ahmedabad,0521410707
877,David Castro,Business,"895 Henry Mount, New Nathanville, WI 77065",Delhi,0011944545
878,Brian Lopez,Institution,"77188 Brady Vista, Allenstad, CT 18126",Chennai,0016678305
879,Kelly Burgess,Business,"23461 Phillips Lock, Thompsonchester, VA 29128",Kolkata,4117614215
880,Jorge Rodriguez,Household,"64704 Edwards Plain Suite 987, East Nicholasside, IN 00892",Kolkata,4837936315
881,Catherine Crane,Business,"270 Rivera Fork, Calebview, MS 97864",Mumbai,1291187228
882,Joshua Griffin,Business,"075 Fox Stream Suite 974, Weberton, GA 18172",Pune,7114865658
883,Kristen Nichols,Business,"1735 Hensley Court, Gonzalezville, PA 60924",Ahmedabad,5726169496
884,Ann Combs,Business,"8201 Dawn Bridge, Jonesfort, ID 90058",Kolkata,0012163361
885,Andrew Abbott,Household,"72954 Black Isle, West Heather, IA 89640",Ahmedabad,1981274392
886,Dominic Bass,Institution,"8147 Villanueva Coves, Lake Jacob, AZ 16428",Ahmedabad,0018639945
887,Erik Robinson,Business,"79685 Debra Meadow, Michaelshire, NH 18275",Hyderabad,1408992177
888,Andrea Harris,Household,"USCGC Lee, FPO AA 59853",Pune,7217340242
889,Maria Moss,Household,"USS Barker, FPO AP 95114",Pune,0632365401
890,Ariel Gibbs,Institution,"8420 Heather Gardens, Adrianport, MT 46512",Bangalore,0011186156
891,Gregory Oliver,Institution,"70542 Roberson Course, New Reginaburgh, CA 87978",Hyderabad,0011035659
892,Dr. Jeffrey Beck,Business,"Unit 9229 Box 5338, DPO AA 12726",Mumbai,0014118390
893,Matthew Trevino,Household,"2834 Lee Valley Suite 889, East Jonathan, MN 13939",Kolkata,0018669408
894,Tony Duffy,Institution,"74350 Martin Trace Suite 947, East Ashleychester, MD 27964",Hyderabad,9176504718
895,Gina Taylor,Business,"44966 Jordan Radial Suite 706, South Isabellatown, NE 77078",Ahmedabad,1497110384
896,Tiffany Randolph,Institution,"7566 Smith Junction Apt. 886, Lake Codyfort, LA 34679",Pune,0012343596
897,William House,Household,"566 Todd Inlet, East Malloryview, HI 74031",Ahmedabad,1789257140
898,Michael Henry,Business,"8163 Berry Trace Suite 806, West William, AK 94884",Ahmedabad,0127896951
899,Lisa Clark,Household,"77586 Williams Forge Suite 562, East Julieborough, ME 89630",Kolkata,3946896331
900,Jeremiah Fisher,Institution,"3174 Delacruz Mountain, Mercadoburgh, MT 18314",Pune,3678508989
901,Shannon Austin,Business,"8529 Allison Mission, Cobbtown, WY 31961",Delhi,6768740420
902,Kyle Bell,Household,"7330 Kristina Row, New Melissaton, MT 49338",Pune,5823445385
903,Suzanne Hancock,Business,"0004 Johnson Ports Apt. 103, Brendastad, MT 10697",Bangalore,9989965118
904,Stephen Shaw,Household,"6614 Ruiz Manors Apt. 868, Caldwellview, NH 96586",Bangalore,0016668290
905,William Willis,Institution,"2330 Audrey Ferry, Hendersonport, AK 41860",Ahmedabad,7398622140
906,Kim Bennett,Household,"3389 Jon Street Suite 247, Michelleberg, ID 43402",Bangalore,1441023873
907,Timothy Lin,Household,"13518 Alan Knoll, Jameschester, MD 70560",Chennai,5398852178
908,Hailey Dean,Institution,"128 Rivera Valley Apt. 675, East Amanda, CT 77518",Kolkata,4891800381
909,Sharon Lopez,Business,"2195 Garner Garden, Port Brianaville, CA 68004",Pune,2734114613
910,Anthony Brown,Institution,"44077 Emily Courts, New Zoechester, RI 72463",Delhi,5576634541
911,Jason Austin,Institution,"PSC 4520, Box 6419, APO AP 13998",Bangalore,6166910082
912,David Marsh,Institution,"8221 Kelly Route, Jacksonfurt, RI 75012",Ahmedabad,0016208347
913,Madison Nielsen,Business,"USNV Vasquez, FPO AE 72756",Kolkata,1703220074
914,Corey Ford,Business,"45205 Jasmine Drive Suite 060, Andreaburgh, HI 34861",Mumbai,6547476950
915,Allison Harrell,Institution,"6430 Rachel Isle Suite 623, Schmidthaven, VA 50428",Bangalore,6993136062
916,Wendy Lloyd,Institution,"47947 Karen Ridges Apt. 380, West David, VA 34101",Kolkata,9538294419
917,Cynthia Alexander,Business,"67309 Chandler Crossroad Suite 708, Michellehaven, SC 69801",Kolkata,0016562925
918,Ashley Robinson,Institution,"68856 Maldonado Village, Washingtonchester, NM 66349",Hyderabad,9645837449
919,Kenneth Cook,Household,"317 Merritt Spur Suite 928, Hillmouth, CO 90394",Mumbai,4862675119
920,Jessica Cook,Household,"5156 Tanner Ridge Suite 789, Youngtown, AR 74651",Bangalore,5820163015
921,Marissa Moore,Business,"PSC 2284, Box 8349, APO AE 63362",Pune,6809846018
922,Elijah Smith,Institution,"73586 Hatfield Oval Apt. 554, Roberttown, IA 77279",Mumbai,6096746272
923,Gary Harris,Business,"PSC 4991, Box 1928, APO AA 54079",Hyderabad,2850215538
924,Shaun Dunn,Institution,"2643 Sanders Row, Keithfurt, NV 74055",Ahmedabad,1075199198
925,Christian Byrd,Household,"9253 Ruben Harbor, New Katherine, IA 68311",Hyderabad,0015974776
926,Nicholas Baker,Institution,"436 Sandoval Cove, Michelleshire, FL 95649",Ahmedabad,9490763415
927,Kirk Owens,Household,"Unit 0115 Box 4773, DPO AA 81052",Mumbai,3148722557
928,Daniel Nelson,Household,"Unit 7416 Box 8557, DPO AE 81709",Mumbai,1523285558
929,Heidi Mason,Business,"28413 Jackson Forest Suite 704, South Cristianfurt, OR 58774",Bangalore,1147973418
930,Claire Mcmillan,Institution,"17039 Garcia Club Suite 590, Port Danielton, NH 75576",Ahmedabad,1490786928
931,Robert Lane,Household,"6353 Tucker Garden Suite 589, Williamston, DC 17912",Kolkata,1834133513
932,Dillon Williams,Institution,"74936 Rosales Fork Suite 796, Mackland, KY 68679",Kolkata,3007356582
933,Alexander Thompson,Institution,"637 Zimmerman Union, East Oliviahaven, NE 76951",Mumbai,1223214252
934,Angela Rodriguez,Institution,"9465 Stuart Roads, Nicholasstad, IL 24207",Hyderabad,5441181851
935,Vincent Mcdaniel,Business,"819 Sean Stravenue, Palmerville, WI 37130",Bangalore,1462201483
936,Stephanie Rodriguez,Institution,"0308 Johns Locks, Taylorfort, VA 75606",Bangalore,6761837629
937,John Pena,Business,"621 Thomas Haven, Hoffmanport, NY 51610",Chennai,0013032645
938,Edwin Chapman,Household,"3906 Flynn Port, New Jenniferfort, AL 30577",Chennai,2519701815
939,Joshua Riley,Household,"4215 Carl Gateway, Chandlermouth, MO 00952",Chennai,2169088754
940,Brenda Cameron,Business,"8384 Faith Road, North Rickymouth, MD 11571",Delhi,4546935102
941,Joshua Lopez,Business,"979 Sarah Junction Suite 177, Port Toddtown, AZ 45773",Kolkata,8709412460
942,Paige Welch,Business,"76841 Gallagher Lodge, Marshallchester, AR 01731",Bangalore,4345973173
943,Rick Goodman,Institution,"7451 Kevin Harbors Apt. 947, Port Dave, MI 51228",Mumbai,5427079959
944,Elizabeth Woods,Household,"07976 Ibarra Lake, Emilystad, MA 60969",Hyderabad,8972269348
945,Tony Frazier,Business,"846 Harmon Branch, Grayshire, PA 24355",Ahmedabad,1613826870
946,Julie Sherman,Institution,"63779 Natasha Valley Suite 110, Malonestad, DC 73101",Pune,1622068243
947,Charles Jensen,Business,"USNV Ramirez, FPO AE 53078",Mumbai,0010694306
948,Jenna Osborne,Household,"85370 Kristen Wall, Jonside, LA 70193",Kolkata,5311980425
949,Erica Mccann,Institution,"55078 Pierce Route Suite 860, North Jeremy, DC 22623",Mumbai,3170195866
950,Tiffany Rowe,Business,"872 Harris Union Apt. 424, Lauraburgh, DE 62614",Ahmedabad,1964416033
951,Fred Miles,Institution,"5120 Erin Street Apt. 175, Michaelview, MO 36601",Kolkata,7921046627
952,Michael West,Household,"60785 Moss Valley, East Alexander, NY 65173",Bangalore,3836806014
953,William Hernandez,Household,"48581 Smith Lakes Apt. 196, Lynchfort, DC 04132",Pune,1251920182
954,Chase Cunningham,Institution,"379 Wagner Ramp Apt. 585, Lisaland, IL 79715",Delhi,1714920757
955,Julie Allen,Household,"59188 Heather Fall Suite 977, Port Sandra, VT 60936",Bangalore,2443435497
956,Jamie Woods,Business,"438 Mary Ridges Apt. 348, Lake Kennethport, OR 55388",Bangalore,0094091657
957,Jason Roberts,Household,"225 Wheeler Bypass Apt. 693, New Kathleenview, SC 08188",Kolkata,5273117226
958,Austin Henry,Institution,"001 Martinez Ridge Apt. 359, Shaneport, GA 75894",Chennai,1359667715
959,Alicia Jackson,Business,"473 Nguyen Canyon, East Cassie, OK 05473",Hyderabad,0010647614
960,Michele Stewart,Household,"423 Richard Park, Lake Janice, WA 57237",Hyderabad,5493934396
961,Daniel Strickland,Household,"528 Grant Forges, Stephenbury, NY 13425",Hyderabad,3073453302
962,Mrs. Ashley White,Household,"0985 Jennifer Mount Apt. 033, Bradleyland, AR 16952",Hyderabad,2510715558
963,Amy Matthews,Institution,"Unit 0422 Box 4564, DPO AE 10815",Mumbai,0019255125
964,Patricia Jones,Institution,"505 Jessica Inlet, Sarahland, VT 62163",Bangalore,5755716632
965,Lynn Anderson,Institution,"61621 Snow Stravenue, Youngberg, WI 00602",Bangalore,6150420598
966,Jennifer Griffin,Household,"36080 Daniel Common Suite 610, New Eduardo, NY 69241",Kolkata,8189304616
967,Kara Nichols,Institution,"9050 Cook Locks Apt. 672, North Timothyberg, NM 21025",Delhi,8147237356
968,John Walker,Household,"306 Farley Pike, Dakotaview, LA 80135",Mumbai,1367146749
969,Jamie Robertson,Household,"85711 Torres Meadows Apt. 595, Clarkport, WV 12219",Hyderabad,0739200258
970,Michele Olson,Institution,"67871 Mary Coves, Justinfort, FL 02154",Chennai,2402545500
971,Elizabeth Riddle Dds,Institution,"998 Ashley Park, Welchbury, NY 63194",Pune,4616303438
972,Michael Johnson,Institution,"52949 Valerie Overpass Suite 179, Edwardsview, WV 51289",Delhi,8973518962
973,Christopher Strickland,Business,"22302 Peggy Heights, West Patrickmouth, CT 24677",Hyderabad,1589041828
974,Jeffrey Mckinney,Institution,"92788 Wise Oval, New Angelaborough, CO 43280",Hyderabad,7695844420
975,Robert Green,Business,"863 John Mountain Apt. 714, Bobland, DE 70364",Chennai,2669141939
976,James Johnson,Institution,"911 Jessica Vista, Huberberg, ME 95696",Pune,6883410341
977,Ashley Hodge,Business,"0513 Leslie Crescent, Russotown, ME 59540",Ahmedabad,8560940671
978,Robert Ellis,Household,"14564 Wells Track, South Mark, PA 35732",Delhi,7403374499
979,Tracy Cole,Household,"91369 Davis Via, Richmondland, MS 02718",Ahmedabad,2675318057
980,Jennifer Miller,Business,"89654 Buchanan Expressway, Jeremiahton, LA 03295",Ahmedabad,4748679486
981,Makayla Velasquez,Business,"170 Richard Coves Apt. 077, Port Charlesfort, IN 86201",Chennai,5949330781
982,Olivia Collier,Business,"Unit 4902 Box 1444, DPO AE 47250",Bangalore,9674333849
983,Ashley Parsons,Business,"353 Nancy Throughway, West Christinashire, HI 50927",Kolkata,1653619773
984,Melissa Moore,Institution,"85865 Mary Drives, Hopkinsfurt, NH 87504",Kolkata,4134931796
985,Andrew Smith,Business,"3579 David Stravenue, South Derektown, UT 77498",Bangalore,1935464639
986,Jo Garcia,Business,"7039 John Curve Suite 186, Mckayshire, MN 42726",Mumbai,9050926000
987,Rachel Hogan,Business,"56161 Lee Green, Tammyhaven, DC 11998",Chennai,0088238469
988,Pamela Parks,Business,"2331 Joseph Greens Apt. 773, Chasestad, VA 55418",Mumbai,9221882206
989,Brad Acosta,Business,"76130 Jake Greens Apt. 693, Huntermouth, SC 80387",Ahmedabad,0011676403
990,Michelle Gross,Household,"82671 Oscar Rapids Apt. 794, Meganburgh, MD 24750",Bangalore,1644484368
991,Richard Walker,Household,"98058 Mendoza Ville Suite 559, Port Daniellefurt, GA 63609",Delhi,7902591204
992,Stephen Levy,Business,"23584 Amanda Avenue, New Luis, RI 77759",Pune,0017737939
993,Gregory Elliott,Institution,"7411 Timothy Forge, Richmondmouth, IL 93625",Pune,6256761125
994,Adrian Williams,Household,"82924 William Fork, Port Daniel, NJ 90016",Bangalore,0018831273
995,John Smith,Business,"428 King Spring, South Evelynburgh, RI 92013",Kolkata,3651295551
996,Lisa Barker,Household,"62300 Robert Mission, East John, FL 98257",Bangalore,1830342437
997,Brenda Frye,Business,"6316 Salazar Villages, Acostaport, IA 27546",Ahmedabad,4544106166
998,John Johnson,Business,"580 Mark Shoal Apt. 764, New Sierra, UT 22777",Hyderabad,0924115050
999,Nathan Lee,Business,"552 Heather Dale, West Wesleyside, NH 85425",Delhi,4354047625
1000,Brian Wilson,Household,"5862 Griffin Plains, South Billy, NV 36724",Pune,1903045880
