Collector_ID,Name,Type,Address,City,Contact
1,Wilson-Stephens,Govt,"29355 Guerrero Lakes Apt. 055, Ramosmouth, PA 80096",Ahmedabad,1379830457
2,Mata-Ramos,Recycler,"60895 Buck Camp, West Donnaburgh, DE 27384",Chennai,6896008347
3,Becker-Jones,Govt,"74611 Jessica Ports, Rayberg, CT 83522",Kolkata,6033878852
4,Hunt-Garcia,Recycler,"97630 Deanna Mountains Apt. 794, Kimberlymouth, TX 84723",Delhi,1444107692
5,Mack-Greer,NGO,"Unit 1604 Box 3598, DPO AE 80615",Ahmedabad,5907996585
6,Wade-Salinas,Govt,"434 Tracy Square Apt. 071, Owensfurt, TX 83970",Ahmedabad,5007883692
7,Lee Ltd,NGO,"0336 Anderson Plaza Suite 023, Port Yvonneberg, TX 51958",Delhi,3273551497
8,Schmitt And Sons,Recycler,"46950 Jennifer Island Suite 570, North Blake, NJ 33462",Pune,3644594761
9,Rodriguez Plc,Recycler,"270 Nguyen Mill, Garciaberg, FL 71413",Hyderabad,1305644685
10,Shepherd-Peterson,Govt,"3560 Jimenez Trafficway, Sandraborough, SD 18444",Kolkata,6399046008
11,Le-Bird,NGO,"022 Bryan Mills Suite 506, South Kerriton, SD 61086",Kolkata,1512003934
12,Carr-Bryant,Recycler,"62183 Kari Viaduct, New Jessica, CA 97577",Pune,1296921053
13,Gillespie Inc,Recycler,"83774 Shawn Center, Justinside, NM 96883",Chennai,1872820632
14,"Keller, Rivas And Burgess",NGO,"69804 Perry Manor, Wesleymouth, WA 35988",Hyderabad,6096064724
15,Chavez Group,Recycler,"8840 Smith Square Suite 657, Elliston, CO 19149",Pune,1889728426
16,"Hogan, Thomas And Morales",Govt,"1700 Gonzalez Park Apt. 860, Paulfurt, NY 01887",Ahmedabad,1664795127
17,"Mills, Merritt And Beard",Govt,"85354 Mary Turnpike Apt. 199, New Angelaview, AK 68959",Hyderabad,0170867152
18,"Garcia, Rush And Ruiz",Govt,"36895 Harper Mission Apt. 461, West Terriland, OK 00567",Mumbai,7017850205
19,Hernandez Ltd,Recycler,"39201 Veronica Extensions Suite 599, Adamsmouth, UT 86215",Mumbai,1539659744
20,"Wong, Brown And Miller",NGO,"374 Shelley Turnpike Suite 133, Pinedabury, NV 56042",Kolkata,0016997681
21,George-Williams,NGO,"688 Joshua Radial Apt. 803, Wesleyburgh, WA 06416",Kolkata,1574450999
22,Stewart Group,Recycler,"11085 Suzanne Glen, Byrdhaven, OH 88097",Chennai,0015932135
23,"Benson, Curtis And Steele",Govt,"22642 Jensen Park, North Matthew, LA 72151",Pune,9878192147
24,"Scott, Daniel And Ramirez",Govt,"2937 Timothy Plaza, Evelynburgh, KS 56833",Delhi,7275804529
25,Coleman Group,Recycler,"887 Rivera Harbors Suite 847, Tammybury, AL 15645",Delhi,1293605962
26,King And Sons,Recycler,"24844 Munoz Manors, Richardland, MT 73165",Kolkata,2230706594
27,Gray And Sons,NGO,"433 Jason Mill Apt. 718, Reidburgh, ME 60344",Ahmedabad,6311213807
28,Ryan-Yates,Recycler,"PSC 6154, Box 5985, APO AP 53105",Bangalore,3565418028
29,Hurley Ltd,NGO,"9059 Price Station Suite 288, Lake Mary, NV 05220",Kolkata,2031329887
30,Dillon Group,Recycler,"77862 Duffy Squares Suite 272, Rodgerstown, IA 20101",Pune,8778347106
31,Wade And Sons,Govt,"557 Matthew Manors Apt. 327, Newmanton, KS 43832",Hyderabad,5859730273
32,"Fields, Bryan And Jackson",Govt,"42402 Peterson Highway Suite 893, Staffordmouth, AZ 38927",Kolkata,1678815964
33,Booth-Stevens,Govt,"9044 Reese Meadows Suite 332, New Melanie, GA 37649",Ahmedabad,1955877006
34,Byrd Llc,Govt,"USNV Haley, FPO AA 36491",Hyderabad,7608953012
35,"Williams, Villarreal And Sanchez",NGO,"87162 John Manors, West Patriciaside, CA 05506",Delhi,1015337435
36,Smith-Fields,NGO,"715 Diaz Meadows, Stevenshire, LA 46828",Kolkata,5959955055
37,"Welch, Ramos And Evans",Govt,"83952 Anderson Walk Suite 207, Port Katherine, SD 41570",Mumbai,1921457445
38,Brown And Sons,NGO,"6947 Anthony Street, West Stephanie, VA 47998",Hyderabad,1321244029
39,Davis-Robles,Govt,"2579 Aguilar Circle, West Sarafort, KS 12106",Delhi,3254601891
40,Harris Llc,Govt,"8571 Jason Trafficway, Holtmouth, ND 55028",Ahmedabad,2734211202
41,"Miller, Dominguez And Harris",NGO,"14948 Francisco Pine, New Amyhaven, CA 76312",Chennai,6452319199
42,"Robinson, Flores And Brandt",Govt,"72366 Brown Hills, South Christopherborough, OH 74318",Delhi,9187405013
43,"Harris, Moore And Hines",Govt,"Unit 4495 Box 6071, DPO AA 68558",Ahmedabad,6507752572
44,Foster And Sons,Recycler,"05703 Heath Ford, South Raymondmouth, AL 45769",Pune,1946966932
45,Snyder Ltd,Recycler,"97140 Gonzalez Falls, West Jason, WV 53745",Chennai,8744888392
46,"Vasquez, Thomas And Rosales",Recycler,"585 Kelly Ways, East Christineville, OK 55660",Mumbai,3482367883
47,"Page, Gonzalez And Humphrey",Recycler,"38004 Robert Mill, Aprilchester, KY 68299",Delhi,7416371206
48,Andrews Group,NGO,"5840 Daniel Trail, Johnnyland, NV 23866",Kolkata,1143611686
49,Parker Inc,NGO,"18926 Kirsten Junctions Suite 465, Gregoryfurt, IA 50278",Bangalore,4377140344
50,"Jenkins, Coleman And Smith",NGO,"Unit 1196 Box 2272, DPO AE 69007",Chennai,9742173683
51,Monroe-Mccoy,NGO,"0991 Vega Lake, New Danielborough, UT 34530",Ahmedabad,0010348484
52,"Rivera, Guerrero And Rogers",Govt,"95449 Patterson Isle Suite 217, Meganberg, MA 22593",Delhi,0016173447
53,Edwards Inc,Govt,"326 Blankenship Passage, Higginston, CO 58822",Bangalore,7812945761
54,"Rodgers, Williams And Nelson",Govt,"Unit 9484 Box 1423, DPO AA 94038",Chennai,2833728756
55,Keller Inc,Govt,"PSC 6564, Box 7711, APO AA 68350",Kolkata,1218708941
56,Luna-Martinez,Govt,"Unit 1146 Box 4461, DPO AE 76853",Ahmedabad,3097542473
57,Cooke-Caldwell,Govt,"Unit 8770 Box 0788, DPO AE 83407",Pune,5325121808
58,Fischer Group,NGO,"666 Eddie Meadows, Reneeborough, IL 75355",Bangalore,1571646821
59,"Wheeler, Riggs And Griffin",NGO,"088 Ellison Squares Suite 932, South Laurenton, NY 31247",Kolkata,8492674876
60,Brown-Wells,Govt,"6572 Ruiz Lake Suite 198, New Dakota, KY 65828",Kolkata,9500345220
61,"Frey, Perez And Robinson",Govt,"452 Farley Fork Apt. 090, Molinaview, WV 05641",Hyderabad,0016351685
62,Martinez Ltd,Govt,"990 Jennifer Knolls Apt. 669, East Derek, IN 28956",Ahmedabad,2285628372
63,Rogers Plc,Recycler,"37008 Thomas Fords, Selenaton, WA 58929",Chennai,4333318838
64,Richardson-Walters,NGO,"Unit 2578 Box 0473, DPO AA 13742",Hyderabad,0018517696
65,Wood-Mccarthy,Recycler,"57837 Ryan Burgs, Jamieberg, NV 26481",Hyderabad,1968859342
66,Morrison Plc,NGO,"PSC 7833, Box 1503, APO AE 12900",Chennai,1859655102
67,Mcdowell-Doyle,Govt,"7347 Ruiz Ways, Mariashire, ND 56673",Ahmedabad,2895910385
68,Collins Group,NGO,"55963 Phillips Ports, Perezview, MA 78682",Ahmedabad,0389554656
69,Palmer And Sons,NGO,"102 Case Light, Walkerburgh, WA 51687",Hyderabad,1732234874
70,Robles Plc,NGO,"8866 Julie Fords, South Kyle, NV 73589",Mumbai,0013785954
71,Buchanan Plc,Govt,"1645 Alexis Keys, Olsenview, NE 75821",Pune,4733878052
72,Kim-Hull,NGO,"8477 Brittney Terrace, South Joshua, KS 47000",Kolkata,9685938062
73,"Morris, Hernandez And Williams",Recycler,"6924 Kenneth Well Apt. 548, Larsonburgh, HI 13886",Hyderabad,1560387108
74,"Roberts, Simmons And Conway",Recycler,"76474 Jordan Prairie, Lake Judithland, CO 24914",Hyderabad,1503965586
75,"Shaw, Howe And Jones",Govt,"41589 Jason Landing, Port Amy, VT 87206",Mumbai,0138550029
76,Rodriguez Inc,NGO,"7181 Hansen Lights Apt. 949, East Robinstad, MI 44546",Ahmedabad,9193968718
77,Norton-Vasquez,Govt,"492 Jasmine Terrace, Andreville, NE 11475",Hyderabad,9332134952
78,Williams Llc,Govt,"71775 Cruz Stravenue, Scotttown, MO 14423",Ahmedabad,2620306951
79,Stewart-Nunez,Recycler,"601 Rachel Shores, Port Elizabeth, WI 30650",Chennai,1993302559
80,Walker Llc,Govt,"688 Megan Prairie Suite 196, West Michaelstad, CO 09034",Hyderabad,0360816418
81,King Ltd,Govt,"81971 Johnson Trail Apt. 469, Josephshire, MI 04411",Hyderabad,0958062745
82,Sutton Ltd,Recycler,"074 Charlene Harbor Apt. 429, West Christinemouth, SD 58574",Mumbai,2538476691
83,Hurley-Coffey,Govt,"74685 Dennis Tunnel Suite 297, Millerfurt, DC 94762",Chennai,1660349824
84,"Wheeler, Welch And Hartman",Recycler,"65627 Underwood Hill, East Bryanstad, NM 17820",Delhi,1252423525
85,"Myers, Johnson And Meyer",Govt,"617 Daniel Vista Apt. 520, Rebekahbury, ID 11990",Chennai,1845605993
86,Beck-Allen,Govt,"91294 Small Fork, Port Lisaland, AK 71050",Chennai,8343779824
87,Arias-Thomas,Recycler,"981 Denise Canyon Suite 242, Coopermouth, WI 81313",Mumbai,0016355877
88,"Thomas, Curry And Gay",NGO,"4422 Harris Crescent, South Taraside, HI 73054",Kolkata,5034553882
89,"Hayden, Moore And Benitez",Govt,"6608 Amber Park Suite 587, Lake Elizabethton, NJ 41579",Ahmedabad,1368593152
90,Anderson-Douglas,Recycler,"144 Adam Viaduct Apt. 061, Sandrastad, OR 78816",Bangalore,4574433199
91,Perez And Sons,Recycler,"96970 Anthony Cape Apt. 434, Carolfort, WA 93750",Bangalore,1586188817
92,Brown-Page,NGO,"USNS Wilson, FPO AP 77933",Ahmedabad,7943763827
93,Aguilar-Williams,NGO,"PSC 3122, Box 2395, APO AA 73475",Chennai,7047314836
94,"Ford, Stevens And Sharp",NGO,"0366 Heath Track, Richardtown, NV 49997",Kolkata,0012282128
95,"Martin, Peters And Green",NGO,"3933 Rebecca Stravenue Suite 969, Lake Kathleen, MO 53046",Delhi,1604853123
96,"Johns, Hart And Rodriguez",Recycler,"5124 David Well Suite 378, South Katherinetown, OH 93604",Chennai,0013648116
97,Jackson-Dean,Govt,"36365 Thompson Locks, Pattersonfort, NM 48487",Delhi,0013586134
98,"Jones, Reed And Schroeder",Recycler,"Unit 0884 Box 2672, DPO AE 26778",Pune,1907615001
99,Cook Plc,Recycler,"Unit 4423 Box 6479, DPO AE 99872",Delhi,4990108616
100,Petersen-Padilla,NGO,"7380 Gibson Ports, Murraybury, NV 24291",Ahmedabad,9610237264
101,Craig Inc,Recycler,"972 Pruitt River Suite 155, Williamsonburgh, NM 61699",Hyderabad,1154917732
102,"Copeland, Gutierrez And Montoya",Recycler,"8888 Webster Bypass Suite 973, Vincentfort, OR 38950",Delhi,3644702632
103,Foster-Vasquez,NGO,"645 Rios Loaf Suite 949, Teresaland, MI 82861",Mumbai,0013474502
104,"Holland, Hansen And Nelson",NGO,"3945 Joel Valley Suite 480, Warrenstad, ND 28801",Hyderabad,8569329136
105,"James, Cherry And Warren",NGO,"73730 Miller Alley Suite 324, West Daleberg, MN 68203",Ahmedabad,8796334674
106,"Simmons, Holt And Cuevas",Recycler,"USCGC Shields, FPO AP 05395",Ahmedabad,3273997415
107,"Thomas, Brown And Friedman",NGO,"10276 Timothy Place, Lake Morganmouth, MO 39695",Chennai,4977973833
108,Preston Group,Recycler,"7893 Johnson Valley Suite 260, Port Tanner, MO 69688",Kolkata,5670718129
109,Hudson And Sons,Recycler,"5998 Choi Cove Apt. 376, Smithhaven, AL 64631",Ahmedabad,0011065106
110,Sheppard Plc,Govt,"8483 Jeremy Path Suite 736, Donnatown, LA 34883",Hyderabad,1272809031
111,"Hartman, Lara And Scott",Govt,"7859 Vaughan Grove, New Annashire, MD 97813",Bangalore,0013032075
112,Henderson Plc,Recycler,"523 Rachel Rest, Jamesbury, PA 22145",Kolkata,5654030799
113,Pratt Llc,NGO,"73201 Michelle Road, Jasonside, MD 01074",Chennai,4231820682
114,Turner Inc,Recycler,"305 Schmidt Station, Robinsonhaven, NV 99655",Pune,9739824553
115,"Moore, Thomas And Gregory",NGO,"4295 William Ferry, Michaelmouth, MT 69689",Kolkata,1559030819
116,"Shaw, Hughes And Leonard",Recycler,"849 Nicole Vista Suite 089, Lake Jonathan, VT 38574",Pune,3507695559
117,"Marsh, Villa And Richardson",Govt,"82277 Evans Trafficway, Burtonfort, MN 75791",Mumbai,5412387249
118,Olson Group,Recycler,"0455 Kelley Inlet, Murrayview, CT 57697",Bangalore,2395671255
119,Jordan-Baker,NGO,"4122 Hernandez Orchard, Wardland, MN 15335",Kolkata,0013417005
120,Kelly-Richmond,Recycler,"2168 James Underpass Suite 668, New Loristad, AL 40022",Delhi,0019108604
121,"Morris, Moore And Garrett",NGO,"68609 Monica Skyway, Johnsonshire, NC 66847",Pune,1501055839
122,Rodriguez And Sons,Recycler,"4009 Gina Street, Lake Jay, NE 32350",Ahmedabad,9020388782
123,Rice Llc,NGO,"USCGC Stone, FPO AA 59851",Kolkata,6342083481
124,Castillo-Hernandez,NGO,"0478 Katie Track Apt. 796, Allenmouth, CO 90036",Delhi,0018774499
125,Randolph-Scott,NGO,"953 Lisa Isle, Powellberg, RI 37089",Kolkata,2690896496
126,Barnes-Ferrell,Govt,"822 John Trail, West Patrick, DC 24846",Chennai,3733784061
127,Robertson Group,Recycler,"PSC 8578, Box 3045, APO AA 77062",Mumbai,5765786800
128,Walsh-Mendoza,NGO,"436 Gabriel Camp Suite 614, Kellyview, KS 23775",Hyderabad,0421867471
129,Taylor-Wright,Recycler,"850 Ortiz Road, East Jeffreyside, AR 71728",Pune,4322987663
130,Dickerson Ltd,Govt,"2338 Aaron Canyon, Lake Madisonton, MN 20306",Hyderabad,9184574965
131,"George, Cook And Anderson",Govt,"9961 Laurie Forge, Rebeccahaven, ID 06366",Mumbai,0775130610
132,Pierce-Bryant,Govt,"1473 Bradley Gardens, New Davidport, CO 24043",Hyderabad,6656023361
133,Farmer-King,NGO,"67203 Soto Mountains Apt. 275, North Adrianstad, WA 90309",Chennai,8706905711
134,Kane-George,Recycler,"3933 Crystal Land, Alyssashire, MD 11235",Bangalore,5707943218
135,Vega-Gutierrez,NGO,"519 Douglas Bypass Suite 115, Amyton, MD 13415",Bangalore,9334653363
136,Smith Group,NGO,"437 Aaron Viaduct Suite 164, South Sarah, SC 85273",Kolkata,1704701259
137,Arnold Ltd,NGO,"97178 James Coves, Graymouth, AZ 46979",Ahmedabad,1173930105
138,"Hammond, Lopez And Love",Govt,"4708 Sharp Cape, Bellport, MI 20062",Chennai,0015935707
139,Harrison Ltd,Recycler,"271 Robert Trace, Port Crystal, WY 97444",Mumbai,1868010936
140,Matthews Inc,Govt,"170 Monica Dale, Vaughnburgh, AK 45684",Ahmedabad,1877770149
141,Hart Group,Govt,"6077 Cynthia Ranch Suite 691, East Benjamin, DE 27325",Kolkata,6397489250
142,Coleman Ltd,Recycler,"735 Andrea Street Apt. 774, Acevedoport, NV 80089",Mumbai,5995843835
143,Munoz-Garza,Recycler,"2019 Bryan Light, Ronaldshire, FL 50508",Chennai,1919699335
144,Duran Group,Govt,"6828 Brooks Freeway, Meganburgh, UT 23001",Bangalore,2948747811
145,Hansen Group,Recycler,"5173 Lauren Dam, North Scott, NY 57058",Kolkata,0394750557
146,Harris-Melendez,Govt,"5353 Casey Isle, Bellshire, NH 21200",Ahmedabad,9480369575
147,Lopez-Carr,Recycler,"8670 Nguyen Locks, Jeremyshire, KY 35369",Chennai,0104279749
148,Bailey Plc,Govt,"81889 Carr Road, East Susanshire, MN 59260",Ahmedabad,3848111570
149,Day Group,Recycler,"2455 Butler Estates, East Suzannebury, VT 33355",Ahmedabad,9223940717
150,Reyes-Brown,Recycler,"USNV Whitaker, FPO AA 62404",Ahmedabad,1006039810
151,Anderson-Green,Recycler,"202 Kelly Coves, Morganland, NY 05954",Pune,1564185413
152,Simon-Smith,NGO,"6581 Lucas Courts, Jessicaside, OK 08305",Delhi,0015249221
153,"Lozano, Nelson And Rodriguez",Govt,"38569 Beverly Haven, South Marc, DE 21772",Ahmedabad,0010174020
154,"Palmer, Meyer And Powell",Govt,"827 Sheila Rapid, East Ebonymouth, TN 43354",Hyderabad,1164491532
155,Lee Plc,Govt,"15682 Keith Plains, Sarahtown, DC 19840",Delhi,0014626713
156,Herrera Group,NGO,"6042 Denise Roads Suite 667, Brettside, NM 64306",Hyderabad,1075240033
157,"Johnson, Moody And Bond",Recycler,"47254 Ryan Highway Apt. 689, New Gregory, NE 99126",Chennai,0013985238
158,"Lee, Lambert And Jackson",Govt,"070 White Wells Apt. 573, New Christinastad, IA 09777",Mumbai,6992135347
159,"Brown, Smith And Harrison",Recycler,"7508 Knight Shoals, Gonzalezstad, MS 66635",Pune,6213805951
160,Goodman-Martin,NGO,"1330 Salazar Keys Suite 196, Lake Haley, WA 92775",Mumbai,0967451363
161,Avila-Gross,Govt,"041 Young Divide Apt. 342, Clinefort, NY 61596",Delhi,3238128171
162,"Cabrera, Valdez And Hudson",Recycler,"752 Chad Estates Suite 596, Port Melissa, IL 09719",Ahmedabad,4933108862
163,Brown Group,Recycler,"400 Lisa Place Apt. 803, Evansstad, CO 89303",Hyderabad,0218241408
164,West And Sons,NGO,"68787 Isaiah Circles Suite 999, Atkinstown, TN 17325",Bangalore,4347433442
165,Williams Llc,Recycler,"46010 Rodriguez Crossing, West Michael, NH 75372",Pune,2072239567
166,Page Plc,NGO,"877 Alvarez Mill Suite 138, Marshallland, WY 28430",Pune,1818939720
167,Hill Inc,NGO,"8681 Clayton Fork Suite 188, South Suzanneshire, MO 41355",Pune,0010315758
168,Stanley Ltd,NGO,"4933 Shane Spring Suite 406, New Lee, NH 01606",Mumbai,0715378420
169,"Woodard, Howard And Banks",Govt,"544 Shannon Path, Bryanthaven, NC 71023",Bangalore,0012210072
170,"Collins, Wolf And Jones",Govt,"6175 Medina Bridge, Codytown, ME 72846",Kolkata,6718644262
171,"Dunn, Harrison And Wilson",Recycler,"770 John Islands, Frankport, LA 29878",Bangalore,0010732466
172,"Parsons, Green And Horne",Govt,"7998 Jose Ville, West Tanner, NC 16388",Pune,3018643231
173,Nielsen-Norris,Govt,"127 Wheeler Viaduct, Brownbury, IA 60832",Bangalore,3256740536
174,"Powers, Harris And Jones",Govt,"119 Danielle Burgs, Smithville, WA 53193",Chennai,1930052214
175,"Webster, Velasquez And Castro",Recycler,"1161 Barnett Road Suite 426, New Joshuamouth, IL 57987",Delhi,0015826829
176,White And Sons,NGO,"593 Dixon Square Apt. 528, West Anthonyfort, AZ 65653",Ahmedabad,0018197354
177,Burns-King,Govt,"649 Austin Meadow Suite 006, South Ashleyhaven, MS 39514",Pune,1627553779
178,"Bell, Pearson And Roberts",Govt,"121 Norma Glens, South Ericstad, MI 96332",Pune,9601609932
179,"Paul, Harrison And Alexander",Recycler,"1743 Gina Trail, East Davidton, IN 98742",Chennai,1943988442
180,Davis-Rosales,NGO,"645 Munoz Summit Suite 957, East Shaneborough, CT 65121",Kolkata,0014271832
181,Long Ltd,Recycler,"PSC 7617, Box 6404, APO AE 36960",Hyderabad,0016551128
182,Pace Ltd,Recycler,"920 Hampton Highway, Brianaburgh, NC 94632",Mumbai,7677423935
183,"Baker, Lozano And Perez",Recycler,"27839 Carrillo Prairie Apt. 151, North Devintown, NV 99668",Pune,1434869653
184,Jones-Orr,Govt,"52089 Cameron Motorway, North Elizabeth, MN 07282",Delhi,9337731297
185,"Morgan, English And Wang",Recycler,"590 Robert Stravenue Apt. 090, Hernandeztown, SD 82847",Chennai,1218945239
186,Young Inc,Recycler,"1757 James Flat Apt. 888, Port Ryantown, PA 37595",Mumbai,7502413007
187,"Garrett, Henderson And Banks",Govt,"5850 Andrews Court Suite 504, Thompsonbury, MT 82031",Delhi,6272865181
188,Curtis Llc,NGO,"46217 Green Fields Suite 939, Danielfurt, KS 04893",Delhi,8869858574
189,Foster Group,Recycler,"4187 Denise Mission, Jayfort, CA 21486",Delhi,9316459824
190,Nelson Inc,NGO,"936 Jones Pass Suite 569, South Rachel, OR 18793",Ahmedabad,0010327357
191,Smith Plc,Recycler,"895 Michael Divide Suite 256, Smithshire, WY 95394",Chennai,5783690303
192,Jones-Kent,Recycler,"3298 Hamilton Plain Suite 997, Velasqueztown, NM 06203",Bangalore,0074614337
193,"Dillon, Freeman And Parker",Govt,"USNS Hughes, FPO AA 11307",Hyderabad,1638762157
194,"Kim, Martinez And Hernandez",Recycler,"1427 Khan Road Apt. 419, Thompsonborough, KS 90422",Kolkata,0012122339
195,Edwards Inc,Govt,"20448 Leblanc Keys, Chavezfort, MN 87893",Kolkata,1766045689
196,Morales Ltd,Recycler,"677 Randolph Viaduct Suite 666, Timothyfurt, OH 46741",Hyderabad,0852964552
197,Henry Inc,Recycler,"298 Ferrell Mountain Suite 442, North Ryan, UT 73116",Chennai,0692987386
198,Mcbride-Taylor,NGO,"90321 Wright Fields Apt. 839, East Lori, CO 14721",Hyderabad,8406548855
199,"Jimenez, Watson And Horton",NGO,"51436 Mayer Key Suite 835, South Susanside, SD 66256",Delhi,1355669633
200,"Mcclure, Medina And Beck",Govt,"6019 Kimberly Street, Andersonchester, ME 83577",Bangalore,6293684268
201,Lee-Olson,Govt,"02719 Erin River, Melissaberg, AL 25125",Pune,1721215190
202,Simon-Reyes,Govt,"2201 Rogers Lodge Apt. 393, Benjaminberg, ID 96418",Ahmedabad,6253814030
203,"Simpson, Edwards And Wyatt",Recycler,"42024 Lopez Key Apt. 745, Port Stephanieborough, IA 24630",Kolkata,0999702440
204,Mcdonald Inc,Govt,"53277 Tracy Knoll, Jonathanfurt, NV 17183",Pune,5735548147
205,Patterson-Morgan,Govt,"294 Steven Center, North Michael, CT 27723",Kolkata,3390627989
206,Burnett-Kennedy,Govt,"99037 Haley Creek, South Michael, OK 91834",Pune,5714211622
207,"Davis, Smith And Hill",NGO,"3644 Clark Estates Suite 914, East Hannah, AL 83278",Bangalore,7227683527
208,"Williams, Burton And Orr",NGO,"PSC 8571, Box 0933, APO AP 98884",Pune,3000900632
209,"Bernard, Frederick And Dyer",Recycler,"617 Angela Inlet Suite 034, Lindaborough, HI 93789",Ahmedabad,6568415463
210,Harris-Dudley,Recycler,"76965 Gentry Lodge Suite 600, Lake Jeffery, MD 20613",Chennai,9648421092
211,Arellano And Sons,NGO,"5795 Shawn Curve Apt. 766, West Chadberg, ME 28550",Bangalore,2970813722
212,"Hansen, Martinez And Harvey",NGO,"3922 Johnson Stravenue, Ashleyberg, KS 03853",Delhi,6953908783
213,Mcdaniel-Johnson,Govt,"USCGC Wagner, FPO AA 40274",Pune,6669483609
214,"Moore, Fleming And Kelly",NGO,"9256 Ashley Turnpike Apt. 669, East Lindsay, FL 43413",Bangalore,2734689270
215,Norman Ltd,NGO,"6610 Garcia Hills Suite 180, Bergfurt, NY 72446",Chennai,8879244940
216,"Krueger, Howell And Nguyen",NGO,"440 Heather Freeway, New Johntown, MO 76431",Chennai,0013476912
217,Davis Ltd,NGO,"16318 White Avenue, East Bethany, FL 28845",Mumbai,3363140982
218,Jackson Inc,NGO,"967 Austin Creek, New Michael, IA 13304",Kolkata,1775690001
219,Crosby Llc,Recycler,"87151 Mitchell Park Suite 691, South Tiffanyton, VT 90934",Chennai,1702728204
220,Hanson Ltd,Recycler,"Unit 8083 Box 4912, DPO AE 22485",Hyderabad,6005932418
221,Taylor Ltd,NGO,"762 Hernandez Ways, East Christopherville, NE 61753",Delhi,0015428326
222,"Todd, Morales And Wagner",Recycler,"8629 Harry Court Suite 386, Karenchester, IN 02564",Chennai,2099417530
223,Dougherty-Smith,Govt,"841 Elizabeth Burgs, Morrismouth, NC 34508",Chennai,5284677037
224,Williams-Smith,NGO,"76440 Peck Fort, Marktown, NM 21920",Chennai,2797328290
225,Smith Inc,NGO,"34063 Ferguson Cliffs, West Anthonyport, MO 41762",Hyderabad,1747117064
226,"Bell, Burnett And Gonzales",Recycler,"12407 Kyle Hills Apt. 388, New Bryanville, WV 36463",Chennai,6767761952
227,Williams-Hernandez,Recycler,"5177 David Drives Apt. 804, Susanport, NY 21756",Mumbai,7253209592
228,"Peters, Bowers And Ward",Govt,"2993 Courtney Junction, Snowtown, UT 33915",Ahmedabad,9398663984
229,Mitchell-Mitchell,Recycler,"98356 Anderson Garden Apt. 886, Sullivanberg, IA 44212",Chennai,3406201663
230,Nelson Inc,NGO,"56345 Teresa Mall, South George, NC 73456",Chennai,2335704445
231,Villa-Miller,Govt,"9449 Woods Heights Apt. 188, Haydenport, IA 66779",Kolkata,5129116479
232,Barrera Ltd,NGO,"987 Jon Stream, West Jason, RI 81545",Pune,7591530075
233,Gates Group,NGO,"305 Hess Point, West Mark, CA 03871",Kolkata,0018124643
234,"Jones, Adams And Perry",NGO,"06963 Gentry Rest Apt. 218, Harperton, MA 01674",Hyderabad,1471590112
235,Williams-Browning,NGO,"2898 Mccormick Wall, Lake Dennis, AR 73139",Ahmedabad,1498425079
236,"Goodwin, Chavez And Golden",NGO,"141 Massey Dale, Philipfort, NM 22728",Mumbai,8615952859
237,"Camacho, Nelson And Hester",Govt,"79829 Anthony Island Suite 797, South Scott, NJ 41380",Ahmedabad,0011059394
238,Hester Llc,NGO,"Unit 6028 Box 5869, DPO AP 50710",Chennai,0963547607
239,Mason And Sons,NGO,"4418 Nancy Curve, Michaelport, NY 46250",Kolkata,1356535243
240,Morrow Ltd,NGO,"PSC 5573, Box 7485, APO AP 98793",Delhi,5122584679
241,"Williams, Keller And Trujillo",Govt,"9294 Murphy Estates, Port Claudia, KS 89452",Chennai,0019902038
242,Smith-Castro,Govt,"124 Robert Streets Suite 753, Chadborough, PA 63687",Bangalore,3529461426
243,"Gomez, Johnson And Gibbs",Recycler,"18978 Lopez Divide Apt. 659, Lake Jeffery, AZ 38099",Hyderabad,9171603330
244,"Ochoa, Carter And Miller",Govt,"6020 Christopher Mountains, Lake Ericland, OR 31996",Pune,7677773657
245,Williamson-Brown,NGO,"543 Ingram Stravenue, North Rachelberg, RI 27281",Bangalore,0015533089
246,Delgado Inc,Recycler,"8550 Johnson Lane, Andreberg, WY 55890",Kolkata,6741514487
247,Moore-Cantu,Recycler,"PSC 6483, Box 4279, APO AA 33170",Pune,2940695725
248,Estrada And Sons,Govt,"937 Tate Estates Suite 828, Alyssaside, CO 78061",Chennai,1949516599
249,Reynolds-Saunders,NGO,"41524 Tiffany Wells, Simpsonstad, KS 65212",Kolkata,1897795014
250,Hayes-Williams,NGO,"USNS Henderson, FPO AE 84607",Ahmedabad,0280041770
251,"Wright, Gutierrez And Walker",Govt,"921 Mcclure Keys Suite 527, Keithburgh, NY 93775",Ahmedabad,1328678515
252,Howard-Mcdonald,NGO,"6166 Baird Port Apt. 636, Richardtown, OK 49062",Bangalore,1611339563
253,"Hernandez, Foster And Powell",Govt,"69748 Riley Plaza, Aliciashire, NY 82745",Kolkata,1631963052
254,Duncan-Rivas,Recycler,"164 Jimmy Crest Apt. 746, North Tonyborough, WV 79922",Bangalore,9863708553
255,Smith-French,Govt,"3567 Danielle Knoll, Gibsonfurt, VA 38424",Ahmedabad,9841040032
256,Harris-Robinson,Recycler,"746 Kaitlin Islands, Lake Jenny, MA 54654",Delhi,1882038069
257,Wagner-Mercer,Govt,"Unit 1853 Box 1112, DPO AP 10803",Delhi,7903666636
258,Hunter Ltd,Recycler,"9845 James Spur Suite 902, Vanessatown, IN 64800",Delhi,3531324527
259,Perkins Llc,Recycler,"56878 Stephen Cliff, Lake Michele, MA 20392",Pune,9489185298
260,Meadows Inc,Recycler,"777 Adams Corners Apt. 616, Scottstad, NY 22327",Chennai,6195490294
261,"Foley, Carpenter And Phillips",Recycler,"577 Boyer Club Apt. 886, Colleentown, WA 04952",Bangalore,0019159567
262,"Sherman, Reyes And Smith",Recycler,"27066 Anna Islands Apt. 608, Nicholsmouth, AL 88180",Chennai,0338811209
263,"Simmons, Phelps And Patterson",Govt,"37344 Valerie Lane, Roberttown, SC 13692",Ahmedabad,0010565743
264,Johnson-Green,NGO,"316 Swanson Avenue, Josephchester, OH 86196",Delhi,1730588681
265,Rivera Inc,Govt,"6254 Waters Causeway, New Markton, AL 12379",Ahmedabad,0014615970
266,"Hunter, Flores And Long",Govt,"PSC 3474, Box 3693, APO AP 83892",Ahmedabad,8941319859
267,Jimenez-Mills,Recycler,"54284 Michael Cliff, North Tammyshire, AZ 26232",Delhi,0015940942
268,"Rodgers, Lawrence And Chandler",Govt,"88767 Phelps Camp, Guerrahaven, MD 09811",Pune,4039978387
269,Roberts-Lyons,Recycler,"363 Hannah Port, Lake Cindy, NV 92991",Delhi,2663820715
270,Hansen-Pierce,Govt,"17860 Kim Mission, Kirbyfort, OR 18404",Hyderabad,0018892030
271,Howard Plc,Govt,"03606 Burns Orchard, New Monicaburgh, WV 78763",Hyderabad,2655713649
272,Benson Llc,Recycler,"2574 Gregory View Apt. 526, Lake Danielhaven, CT 14004",Pune,5673385157
273,Mitchell-Fisher,Recycler,"Unit 5068 Box 0983, DPO AP 96869",Mumbai,1934650275
274,"Benton, Williams And Dorsey",Recycler,"3338 John Road Suite 245, Brownland, MA 95196",Bangalore,8263880324
275,Ortega Ltd,Recycler,"869 Benjamin Glen, Butlerburgh, IL 83416",Chennai,0385478726
276,Hogan And Sons,Govt,"23280 Lopez Garden Suite 185, Matthewview, ND 80837",Hyderabad,5883140035
277,Walker-Harris,NGO,"PSC 8267, Box 3549, APO AE 40917",Hyderabad,9865716896
278,Chan Llc,NGO,"86856 Horne Fords Suite 760, East Andrew, MN 71853",Mumbai,2894673631
279,Christian Llc,NGO,"2628 Joe Fords, Collinston, LA 87990",Pune,4911634303
280,Young-Bennett,NGO,"455 Jones Terrace, New Cynthiamouth, MS 20458",Chennai,9511084861
281,Reyes Group,Govt,"60469 Dana Mills, Cheyennemouth, NY 83627",Chennai,1162441066
282,Hatfield-Russo,NGO,"65024 Penny Trail, West Joseph, AL 60914",Mumbai,1072985023
283,"Hopkins, Mooney And Fowler",Govt,"7148 Young Forges Apt. 171, Spencermouth, KS 96910",Delhi,2982492202
284,"Mullen, Lester And Jones",Recycler,"89521 Salas Plaza, North Teresaburgh, PA 56876",Pune,5050732491
285,Clay Llc,NGO,"250 Tom Rapid, Cervantesbury, IN 66800",Pune,4037654399
286,Mclaughlin-Smith,Govt,"641 Hawkins Shoal, Port David, AZ 68047",Ahmedabad,0504871590
287,Freeman-Garcia,Recycler,"4479 Ashley Square Apt. 717, Melissatown, ID 93565",Delhi,5688486573
288,"Gray, Bennett And Smith",Govt,"0474 Earl Point Apt. 803, Blackborough, SC 20666",Bangalore,2894043935
289,Foster Ltd,Recycler,"2668 Valentine Center Apt. 163, Harrisonland, MD 20092",Ahmedabad,8135376429
290,Smith Plc,NGO,"95260 Lopez Rapid Suite 340, North Jonathanfort, VA 40422",Kolkata,5473770499
291,Ferguson-Morrison,Govt,"9773 Davis Bypass Apt. 405, Harrisfurt, VA 76595",Mumbai,0804175694
292,Johnson Ltd,Govt,"PSC 1887, Box 7169, APO AP 13721",Delhi,5872363411
293,Barajas-Stark,Recycler,"65728 Angela Divide, East Melissaside, SD 70497",Chennai,5249919608
294,Lee-Reeves,Govt,"76318 Richardson Lodge Suite 071, Potterview, OH 93560",Ahmedabad,4400040756
295,Hernandez Inc,NGO,"0797 Breanna Pine Apt. 288, Karaport, NH 27519",Delhi,0014497992
296,"Holloway, Morris And Hill",Recycler,"783 Browning Circle Suite 392, Deborahshire, WY 56883",Hyderabad,0017718536
297,Brown-Middleton,Govt,"41316 Bradford Mountain, Dylantown, DE 20915",Delhi,9717635064
298,"Le, Rangel And Watts",Recycler,"6762 Melanie Mill, East Joannaport, CA 52440",Kolkata,1391584647
299,Roman-Zhang,Recycler,"369 Peter Coves, Jenniferstad, TN 24720",Chennai,1340973122
300,Sullivan-Morris,Govt,"24216 Walker Fork Apt. 861, Piercetown, OH 09385",Bangalore,8057321367
301,"Todd, Gaines And Castro",Govt,"2615 Anthony Branch Suite 570, Tamaraburgh, MN 05235",Pune,1687441235
302,"Monroe, Coffey And Payne",Recycler,"8692 Wright Meadows, North Patrickburgh, TN 45830",Hyderabad,5179751937
303,"King, Cook And Jones",Recycler,"Unit 7344 Box 5801, DPO AP 65055",Chennai,2134616461
304,Burnett And Sons,Govt,"0810 Joseph Spurs Apt. 297, New Angelaview, WI 73318",Pune,1437481268
305,Luna Plc,Govt,"899 Mark Shoal Apt. 814, East Jaytown, AZ 72966",Kolkata,0011056358
306,Davis Ltd,NGO,"0212 Bullock Mission Suite 428, East Janicestad, NC 25423",Bangalore,2074988495
307,Atkins And Sons,Govt,"46565 Baldwin Well, Port Robertstad, NY 83301",Mumbai,3049950438
308,"Leonard, Foster And Banks",Govt,"86295 Laura Curve Apt. 307, West Patricia, NM 51035",Kolkata,1261395574
309,Gordon Inc,Recycler,"340 Miguel Roads, Maryfort, NC 46752",Mumbai,0018819206
310,Austin-Thompson,NGO,"76223 Ryan Corner Apt. 753, Davidborough, WA 80105",Chennai,0015578022
311,"Mcpherson, Fisher And Elliott",Recycler,"69447 Kimberly Shores, West Cody, SD 37446",Kolkata,0013910323
312,"Williams, Coleman And Bowman",Govt,"USNV Ruiz, FPO AP 83698",Pune,0110408384
313,Harmon Plc,NGO,"87779 Newman Field, Douglasmouth, OR 30120",Delhi,1224257772
314,Craig-Williams,Govt,"Unit 8852 Box 1148, DPO AA 57120",Hyderabad,3638396878
315,"Marks, Thompson And Bowers",NGO,"5983 Alvarado Turnpike Suite 770, Johnstonbury, OR 23787",Ahmedabad,5320254616
316,"Chavez, Beck And Jones",Recycler,"Unit 9863 Box 6139, DPO AA 81555",Kolkata,0014592118
317,Montgomery Group,Govt,"626 William Tunnel Suite 549, Sheltonshire, VT 63243",Pune,1220081001
318,Wagner Group,NGO,"2515 Morris Junctions, West Michelleton, UT 52607",Bangalore,1080045872
319,Hodge-Yoder,Govt,"5294 Melissa Key Apt. 719, Mooremouth, HI 86030",Pune,4335367577
320,Wallace-King,Recycler,"5875 Jamie Cliff, West Jeanneshire, PA 12579",Hyderabad,0771280619
321,Davies-Long,Recycler,"747 Laura Summit Apt. 712, Kaylastad, NE 66096",Mumbai,1303253695
322,Clark-Daniel,Recycler,"072 Denise Hills, Randallview, MT 98695",Hyderabad,1126149936
323,Foster-Evans,Recycler,"519 Long Locks, North Bryan, ID 51628",Pune,1051640787
324,"Hanna, Pacheco And Bradford",Govt,"113 Hubbard Terrace Apt. 739, Diazburgh, SC 21890",Bangalore,0019598677
325,"Townsend, Wells And Odom",Govt,"915 Padilla Falls Suite 002, East Kimberly, CT 28307",Pune,6893746021
326,Hamilton Plc,NGO,"57712 Alicia Extensions Suite 195, Mullinsfort, TN 48288",Kolkata,8922355285
327,Bowers And Sons,Recycler,"335 Amy Mill, Garciaborough, PA 85556",Mumbai,4726847464
328,"Sanchez, Chang And Leblanc",Recycler,"088 Sarah Neck Suite 645, Lake Ericaside, SD 02070",Hyderabad,8010886797
329,"Lewis, Schmidt And Ingram",NGO,"3646 Allen Forges Apt. 477, Juliachester, ID 63351",Kolkata,0012262819
330,Robinson Llc,NGO,"45052 Caroline Branch Suite 047, Port Robert, NJ 84596",Mumbai,0016291459
331,Gray-Armstrong,Recycler,"198 Scott Hills Suite 366, Jamiemouth, NC 69596",Mumbai,8748955713
332,Haley-Baker,Recycler,"63952 Mendoza Neck Suite 743, Bowmanland, IN 67031",Pune,8775619189
333,Vasquez-Harrell,NGO,"29000 Lawrence Island, Michaelville, IN 50280",Pune,8540591934
334,"Stevenson, Harrison And Hooper",Recycler,"06533 Wiley Fields, Cheyennefort, OR 88390",Delhi,1096282196
335,"Henry, Burns And Soto",Recycler,"737 Wright Radial, Bryantshire, NY 95493",Kolkata,6660979785
336,Cherry-Gibbs,Govt,"5072 Moore Ridge Apt. 107, Lake Hunter, MO 47122",Mumbai,7825463059
337,Lambert-Rojas,Govt,"77539 Martin Unions, Angelashire, OH 60840",Kolkata,1088407553
338,"Sims, Thomas And Boyd",NGO,"70513 Riley Mall Suite 212, West Paulbury, NV 04183",Delhi,7853798214
339,"Berry, Collins And Walker",NGO,"63908 Schmidt Bypass, Hansenhaven, NE 68119",Pune,6723866560
340,Wells-Watson,NGO,"USNV Cole, FPO AE 96840",Mumbai,0015410577
341,"Mendez, Shaw And Brown",Govt,"8723 Washington Highway Suite 720, East Keithville, WY 38021",Chennai,5074931660
342,"Lambert, Patterson And Becker",Govt,"566 Jerry Haven Apt. 475, North Blakeport, OH 39936",Bangalore,8922706990
343,"Cruz, Lawson And Parker",Govt,"580 Kristina Lock Apt. 836, Tonyburgh, MN 43126",Pune,0018170833
344,Park-Lambert,Recycler,"045 Brittany Station, West Jacquelineside, WV 71769",Bangalore,0016725140
345,"Landry, Clark And Jimenez",NGO,"6881 Patricia Forks, Noahville, HI 72527",Hyderabad,5016454662
346,Gonzales-Rodriguez,NGO,"1276 Foster Trail, Port Katelyn, OR 46986",Ahmedabad,9474508098
347,Pearson Inc,Recycler,"60426 Joseph Trail Suite 716, Benjaminview, WI 14235",Mumbai,2644582969
348,Keller Plc,Recycler,"78049 Poole Dale, New Jaimeside, ID 58728",Pune,9652427607
349,Keller-Martinez,NGO,"26135 Justin Islands Suite 561, East Lisa, VA 20481",Pune,3841551095
350,Spears-Harrell,NGO,"5056 William Harbor, Lake Alexander, NJ 09914",Ahmedabad,6334029378
351,Quinn And Sons,Recycler,"73326 Shane Stravenue Suite 746, Rhondahaven, DE 76605",Kolkata,1468774929
352,Harris Group,NGO,"66849 Renee Isle Apt. 667, Port Jacob, CA 52514",Chennai,3177905340
353,Spencer Plc,Govt,"51801 Powell Plains, East Johnberg, AR 16129",Ahmedabad,1388953115
354,"Stout, Ward And Sanchez",Govt,"106 Smith Manor Apt. 365, West Randyberg, SD 23384",Chennai,4789225182
355,Nixon-Garcia,NGO,"0621 Alyssa Bypass, West Michelleshire, SD 02815",Mumbai,2981099752
356,Williams-Ferguson,Recycler,"8214 Scott Fork, Duketon, TX 59926",Hyderabad,4390390920
357,Peterson Ltd,Recycler,"0702 Vasquez Passage, Patriciamouth, NC 94383",Pune,1892132738
358,Crosby-Hernandez,NGO,"29725 Johnson Hill, New Gabriella, LA 64634",Pune,0015431886
359,Cervantes-Guerra,NGO,"3669 Timothy Keys Suite 504, Amyside, MN 05572",Ahmedabad,7709903172
360,Mccoy Inc,NGO,"804 Jason Creek Suite 696, Andrewton, ME 53677",Pune,1933520622
361,Brown-Bradley,Govt,"426 Massey Forks Apt. 161, Brianside, ID 14316",Bangalore,1717199457
362,"Wright, Cook And Rodriguez",NGO,"81900 Gutierrez Mill Apt. 526, West Carly, NJ 57150",Kolkata,5241302286
363,Gamble-Brown,Govt,"24923 Stephenson Mill Suite 414, West Thomasfort, ID 20313",Chennai,7997526158
364,Acevedo-Mills,NGO,"8317 Logan Crescent, North Jonathanview, GA 38873",Kolkata,0018454673
365,Berry Inc,Recycler,"545 Amy Mountains Apt. 340, Lake Tinaland, MO 12210",Pune,0613011273
366,"Farley, Welch And Santos",NGO,"57965 Green Burgs, New Calebmouth, DC 52773",Hyderabad,0010782411
367,King Group,Govt,"662 Browning Pines Apt. 230, Klineport, WA 10106",Ahmedabad,6846038951
368,"Miles, Austin And Young",Govt,"PSC 6652, Box 1746, APO AA 43066",Chennai,3164950605
369,"Underwood, Garcia And Vazquez",NGO,"46310 Daniels Vista, Lake Timothychester, TX 98727",Pune,7601883041
370,Allen-Adams,NGO,"69701 Shaw Lake Apt. 531, Roblesmouth, KS 01038",Pune,0013701185
371,"Horton, Adams And Smith",NGO,"055 Carol Orchard, New Carlos, NV 96173",Mumbai,6680639924
372,Simmons Ltd,Govt,"0627 William Place Apt. 683, Port Davidville, OR 44047",Chennai,1282233125
373,Smith-Vaughn,Govt,"1627 Susan Green Apt. 342, Delgadofort, FL 26918",Bangalore,7374214209
374,Kemp Llc,Govt,"99425 Tiffany Shore Suite 925, Port Rebecca, AL 75825",Delhi,5877993642
375,"Bailey, Hernandez And Meyer",Govt,"129 Christopher Islands Apt. 113, North Daniel, MA 25106",Ahmedabad,0246948412
376,Perez And Sons,Govt,"PSC 8738, Box 5709, APO AA 27659",Chennai,0011370858
377,Williamson-Martinez,NGO,"USS Coleman, FPO AP 73100",Hyderabad,2608099371
378,Rodriguez-Hall,Govt,"PSC 8449, Box 8838, APO AE 26367",Mumbai,4738113370
379,Jackson-Kirby,NGO,"7005 Samantha Islands, Port James, OH 95337",Ahmedabad,1808293850
380,Daniel Plc,Recycler,"825 Doyle Forges Suite 156, Craigbury, WA 04868",Hyderabad,0666706331
381,"Jordan, Davis And Garcia",Recycler,"USNV Rogers, FPO AE 03851",Hyderabad,1373134037
382,Schroeder And Sons,Govt,"61892 Paula Heights, Zacharyton, FL 13149",Bangalore,2474246847
383,Saunders Llc,Govt,"3679 David Via, Hatfieldton, MI 62981",Pune,1903550819
384,Ryan-Owen,NGO,"USNV Ramirez, FPO AA 43314",Mumbai,0017817442
385,Leblanc-Wade,NGO,"92016 Lindsey Rapid Apt. 001, West Michelle, ME 04861",Ahmedabad,8067091446
386,Smith-Williams,Govt,"04645 Hanson Lights Apt. 487, Georgechester, LA 72799",Pune,0019246625
387,Burch Plc,Govt,"511 George Coves Suite 525, New Emilystad, MA 79362",Pune,4315071741
388,"Reynolds, Hill And Avery",Govt,"10323 Brandy Locks Suite 025, Tabithaville, NY 33790",Delhi,4696458924
389,Romero Inc,NGO,"2447 Kimberly Mount, Tiffanyland, KY 39735",Mumbai,9400946584
390,"Figueroa, Mcbride And Snyder",Recycler,"76764 Schaefer Mission Apt. 534, West Daniel, ND 60083",Chennai,6289747676
391,Benson-Ross,Govt,"193 Martin Villages, Davidshire, SD 80614",Kolkata,1769708567
392,Andrews-Johnson,Recycler,"396 Williams Hollow Suite 777, West Austinmouth, NH 07763",Delhi,5015544940
393,"Rivas, Oliver And Dean",Govt,"2563 Green Grove Suite 555, Myerschester, IA 44837",Pune,0014205095
394,Rice Ltd,NGO,"6958 Brown Stravenue, Mckenzieburgh, SD 56387",Pune,0366980276
395,"Conway, Greene And Colon",Recycler,"Unit 3500 Box 7961, DPO AA 47016",Delhi,7778424716
396,Elliott-Brown,Recycler,"695 Melissa Spur, Langmouth, HI 45624",Hyderabad,1691569780
397,Weber-Thomas,Recycler,"81334 Donald Trail, Evansburgh, NE 75764",Chennai,0012494180
398,Wilson Ltd,NGO,"4031 Amy Plaza Suite 914, Melendezshire, CT 11263",Kolkata,1203390596
399,Berry Llc,NGO,"754 Alyssa Hills, Allenfort, ME 82789",Ahmedabad,1503027721
400,"Harris, Jones And Moore",Govt,"3267 Joshua Ville Suite 837, South Stephanie, NH 93221",Bangalore,9388949128
401,Castillo-Jimenez,NGO,"40762 Cline Underpass, Edwardsport, WA 42017",Delhi,3180204041
402,Taylor Llc,NGO,"0265 Rice Courts, Christinebury, MI 42162",Mumbai,1935311015
403,"Turner, Foster And Bridges",NGO,"USS Hess, FPO AA 08042",Pune,0010174931
404,Lopez Inc,Recycler,"73397 Christopher Well Apt. 149, South Eric, OH 81317",Mumbai,2400613865
405,Mathis-Watkins,Govt,"PSC 0251, Box 4358, APO AP 05930",Bangalore,7118004501
406,"Rodriguez, Acevedo And Carr",NGO,"PSC 6027, Box 6934, APO AA 64036",Hyderabad,1660548562
407,Jackson-Collins,NGO,"9486 Kimberly Trace, Morganview, CT 97327",Ahmedabad,2771148816
408,"Porter, Floyd And Rivera",Recycler,"PSC 0826, Box 7865, APO AE 34927",Ahmedabad,4144294267
409,Graves Inc,NGO,"78626 Rich Mills, West Douglasland, VA 74352",Ahmedabad,1814207681
410,Robinson-Ward,Recycler,"766 Felicia Island, Davidmouth, CO 42764",Ahmedabad,0760175180
411,Nolan Group,Govt,"455 Kim Pines, Mccallfort, AZ 57316",Ahmedabad,7219228349
412,Rodriguez And Sons,NGO,"597 James Village, Buckview, UT 07629",Mumbai,9120599447
413,Thompson And Sons,NGO,"08361 Michele Plains Apt. 257, Port Chadfurt, SD 22573",Delhi,0010637035
414,Myers Group,Govt,"629 Liu Key Suite 360, Port Michael, MS 67797",Mumbai,3209225450
415,Smith-Gonzales,Recycler,"87183 Mcclain Throughway Apt. 006, Morrisport, LA 32069",Kolkata,0019300460
416,"Phelps, Fuller And Clay",Govt,"5904 Mcdonald Ridge, Lake Mariamouth, OH 32296",Mumbai,4702789027
417,Baker-Wilson,Govt,"0198 Sexton Isle, Timothyside, WI 00532",Bangalore,1427406282
418,Bowers-Wallace,Govt,"05285 Luis Land, North Jacobburgh, NH 11068",Chennai,7887505139
419,"Holt, Wiley And Reid",Govt,"1412 Tammy Views, South Jonathanton, WA 49480",Bangalore,5699332769
420,Mueller Group,Govt,"3879 Bobby Drive Suite 239, South Tiffanystad, ID 54432",Bangalore,7124137394
421,"Miller, Brewer And Nichols",NGO,"6943 Evans Meadow, Ericaborough, TN 40639",Pune,0015945681
422,Haynes-Clarke,NGO,"USS Ferguson, FPO AP 72668",Chennai,0017633023
423,Allen And Sons,NGO,"96025 Cheryl Station, South Allen, AK 41177",Bangalore,8666847072
424,Williams-Martin,Recycler,"3680 Harris Oval Apt. 808, East James, AZ 74457",Pune,0199824770
425,"Schwartz, Foster And Garcia",NGO,"67828 Natasha Plains Suite 006, Castanedahaven, NC 08797",Delhi,7904252846
426,Gordon-Johnson,Govt,"792 Crystal Courts, Holdermouth, IL 16663",Chennai,8083480985
427,"Green, Odonnell And Andersen",NGO,"8334 Mccullough Island, Hardinmouth, WA 83653",Pune,6021318066
428,"Acosta, Evans And Flores",NGO,"430 Hardy Branch Apt. 782, Janicebury, CT 17110",Delhi,8870415578
429,Cardenas-Dudley,Govt,"562 Castillo Rapids Suite 433, South Theresaburgh, IN 95188",Chennai,5976620840
430,Meyer-Espinoza,Recycler,"57746 Taylor Rapid, Dixonmouth, NE 45451",Hyderabad,1255424586
431,"Lawson, Mcknight And Martin",Govt,"Unit 6794 Box 0601, DPO AA 34551",Mumbai,3827386883
432,Jensen And Sons,Govt,"25468 Lopez Loop Suite 103, Richardfort, SD 73198",Mumbai,8437149262
433,Hall-Diaz,Govt,"12664 Fields Camp, Joneston, CO 01333",Bangalore,9166595454
434,"Wright, Brown And Wells",NGO,"2742 Rhonda Island Apt. 258, Parksborough, NM 26491",Kolkata,1665691070
435,"Patel, Contreras And Potter",Recycler,"1340 Michael Brooks, Nelsonberg, MT 34217",Ahmedabad,4946526505
436,Mitchell Group,Recycler,"16028 Haynes Wells Suite 388, Cooperside, MD 74396",Hyderabad,0012041552
437,"Hall, Kent And Sanchez",Govt,"Unit 2977 Box 4443, DPO AE 94553",Ahmedabad,9457867404
438,Hahn-Anderson,Govt,"497 Kristin Turnpike Apt. 419, South Shannonland, AZ 78677",Kolkata,0017844298
439,Jones Ltd,Govt,"82658 Horne Mountains, Port Katieport, OR 09864",Pune,5579991584
440,Baker Llc,Govt,"23434 Brown Ways Suite 080, Castanedaborough, VA 31871",Pune,0015943578
441,Newton And Sons,Govt,"Unit 1282 Box 1112, DPO AA 40945",Mumbai,1218154478
442,Freeman Llc,NGO,"95062 Barnett Ferry Suite 624, East Ronald, FL 00935",Kolkata,0017980470
443,Alvarado-Martin,NGO,"Unit 3999 Box 6369, DPO AE 68550",Bangalore,5441983857
444,Stokes-Newton,Govt,"1599 Martin Haven Suite 871, Dawnbury, IL 09764",Hyderabad,1793134756
445,Ward-Williams,Govt,"02786 Alvarado Trail, Pamelahaven, WV 61326",Mumbai,0512538063
446,Mendez Inc,Govt,"6932 Schultz Views, Lake Monica, LA 89043",Bangalore,2268975311
447,"Vasquez, Villarreal And Johnson",NGO,"144 Valdez Grove, New Jasminefurt, KY 41863",Mumbai,1962438409
448,Wade Group,Recycler,"705 Paula Drives, Christopherville, AK 25600",Hyderabad,8672075914
449,Poole-Brooks,Recycler,"667 Hogan Course, Brianview, KY 00693",Bangalore,0011026557
450,Hardy Plc,NGO,"1050 Stone Ridges Apt. 233, New Kristachester, UT 24856",Bangalore,4706165373
451,Morris Llc,Govt,"8162 Bryan Ports, Rodriguezton, DE 07117",Pune,6169036705
452,Sandoval-Andrews,NGO,"9631 Gutierrez Bypass Suite 087, Christinaland, FL 20106",Bangalore,1830878847
453,"Hernandez, Strickland And Gibson",Govt,"627 Knapp Ferry Apt. 009, Brownmouth, NM 44141",Pune,0015013367
454,Reyes-Hubbard,NGO,"0828 Stacey Terrace, Parkerville, IA 59402",Bangalore,6509423159
455,Fowler-Harrison,NGO,"91518 Jenna Light, North Joshuamouth, AR 40329",Bangalore,4494058151
456,Castro-Tanner,Govt,"Unit 1926 Box 8900, DPO AP 66106",Bangalore,0681441666
457,"Ramirez, Waller And Ortiz",NGO,"058 Spencer Harbors, West Cindyfort, VT 90175",Hyderabad,0015724003
458,Brown-Hartman,Recycler,"5989 Thompson Drive, Cherylmouth, KS 85077",Bangalore,9495832519
459,"Johnson, Smith And Valencia",NGO,"49227 Terry Mountains, New Markport, TX 22183",Ahmedabad,8239554344
460,"Smith, Martinez And Wong",Govt,"415 Jason Plains Suite 532, South Michael, WV 28774",Delhi,1731752523
461,"Thomas, Rodgers And Carroll",NGO,"656 Andrea Overpass Apt. 350, South Jennamouth, MD 94929",Delhi,0482940782
462,"Alexander, White And Lopez",NGO,"62587 Oscar Pine Apt. 558, Port Erica, FL 99556",Bangalore,1675011532
463,"Pugh, Burgess And Mcneil",Recycler,"47756 Lewis Oval Apt. 379, Smithtown, UT 44117",Pune,8289812239
464,Owen-Rivera,Govt,"76445 Eric Islands Suite 222, New Tamiborough, KY 53958",Ahmedabad,4299613807
465,Moon Group,NGO,"945 Benjamin Lights, New Jennifer, FL 09755",Ahmedabad,2986042785
466,Curtis-Walters,NGO,"625 Glenda Lights Suite 123, Garyhaven, RI 76841",Ahmedabad,1088860811
467,Padilla Inc,NGO,"085 Green Trail Suite 372, Port Jameschester, WY 94080",Bangalore,0017763831
468,"Mcclain, Hale And Williams",Recycler,"756 Thompson Point Apt. 801, Ramirezburgh, CO 94007",Delhi,0013112659
469,Parks Inc,Recycler,"170 Thompson Gardens Apt. 758, Port Christophermouth, GA 03669",Hyderabad,3041652726
470,"Cooper, Davis And Williams",Recycler,"Unit 1792 Box 5136, DPO AP 22769",Hyderabad,3801370209
471,"Clay, Clay And Davis",Recycler,"46961 Lisa Camp, Simpsonfort, AZ 83439",Hyderabad,0014509806
472,Blevins Ltd,Recycler,"1049 Gray Crest, Sanchezstad, CA 96081",Ahmedabad,1332096730
473,Davis-Kirby,Govt,"5339 Jeffrey Lights Apt. 857, Jamesville, MD 66609",Ahmedabad,0084162675
474,Davis Llc,Govt,"146 Smith Village, East Beckystad, MN 67461",Mumbai,0014642018
475,Davis Llc,Govt,"0917 Johnson Junctions, Lake Bethburgh, NH 62519",Mumbai,1504616228
476,Medina-Paul,NGO,"02048 Miller Burgs Apt. 653, Tonyport, KS 38704",Kolkata,7197453145
477,"Richardson, Smith And Castro",Govt,"906 Torres Flat, Rogerview, NV 90669",Delhi,9436109098
478,Green Inc,Govt,"6470 Mary Manor, South Kennethfort, WY 56585",Ahmedabad,2252553134
479,"Davis, Fisher And Mcknight",Govt,"1754 Cole Gateway Suite 905, Angelaside, NV 25133",Chennai,1339691082
480,Taylor Inc,NGO,"6467 Green Point Suite 625, New Josestad, WA 89695",Mumbai,4399925709
481,"Henson, Robertson And Wilson",Govt,"514 Allison Walks Apt. 552, East Jacobside, MT 44717",Chennai,0011819805
482,"Wise, Macias And Horn",NGO,"7308 Lisa Forks, Andrewchester, NJ 61307",Delhi,9219105071
483,Good-Carter,NGO,"PSC 4540, Box 6914, APO AE 67326",Hyderabad,6738431556
484,Greene-Murray,NGO,"63273 Sylvia Forks Suite 039, New Elizabethton, MT 53650",Mumbai,0015141343
485,Cruz-Neal,NGO,"51917 Ethan Grove Apt. 363, Wrightborough, IA 70508",Mumbai,1318434135
486,"Olson, Wilson And Kim",Recycler,"11476 Anthony Ford Suite 787, Lake Maurice, KY 42918",Chennai,6473116885
487,Hall-Walsh,Govt,"83014 Wells Street Apt. 656, New Alyssaton, TX 35182",Kolkata,8902446288
488,Reynolds Group,Govt,"87363 Jose Fields Apt. 813, Bartlettberg, WA 26901",Pune,0450308349
489,Scott-Lopez,Recycler,"133 Banks Square Apt. 781, West Michaelborough, OR 24802",Bangalore,8830213671
490,Gordon Inc,Recycler,"PSC 7876, Box 0287, APO AA 78862",Chennai,7264881050
491,Matthews Group,Recycler,"88379 Carolyn Plains, Rebeccashire, WV 08085",Kolkata,0018227814
492,"Black, Hernandez And Potts",Govt,"2486 Michelle Corner, Ryanburgh, AR 91598",Hyderabad,7801946701
493,Scott Group,Govt,"83624 Parker Isle, Lopezmouth, SD 73397",Bangalore,1732776063
494,"Carroll, Perkins And Simmons",NGO,"69843 Sullivan Station Apt. 375, Normanhaven, MI 29524",Hyderabad,7777859294
495,"Dudley, Mcfarland And Palmer",NGO,"4892 Katherine Lane Apt. 424, Markburgh, MS 65582",Hyderabad,1021782959
496,"Smith, Young And Le",Govt,"403 Kevin Overpass, Christopherburgh, RI 72449",Mumbai,8655108619
497,"Ford, Hooper And Delacruz",Recycler,"313 Cindy Bypass, Lake Thomas, OR 38633",Pune,5016575557
498,Boyd-Lewis,Recycler,"70560 Ewing Neck, New Jennifer, LA 15678",Hyderabad,9600661615
499,Lucero Group,Govt,"244 Bennett Mountain, New Christopherborough, WV 91002",Bangalore,9757554606
500,Smith-Lee,Govt,"499 Chapman Lane, New Janetville, NH 99827",Bangalore,8804140363
501,Taylor Ltd,Recycler,"9022 Natasha Rapid, Kellyland, GA 11611",Bangalore,4557999007
502,Cooper Group,Govt,"30636 Griffin Pine Apt. 715, Port Brianville, MO 64160",Kolkata,7679593224
503,Mcdonald Plc,Recycler,"7912 Mary Inlet Suite 402, Rachelborough, WA 69749",Pune,6976941366
504,Adams-Gardner,NGO,"087 Hall Common Suite 183, Breannaport, AR 90547",Bangalore,4474270725
505,Castro-Brown,Govt,"2874 Stephen Course Apt. 914, Yatesbury, ND 22565",Hyderabad,1035689910
506,"Lucas, Nichols And Castillo",Govt,"0139 Mary Rapid Apt. 567, Holtport, TX 52197",Pune,1771862667
507,"Hubbard, Rose And Jones",NGO,"PSC 3863, Box 8130, APO AE 19167",Ahmedabad,0016249864
508,"Tucker, Johnson And Edwards",Recycler,"49541 Daniel Mountain Suite 208, Port Charlesburgh, NC 81207",Mumbai,4828009205
509,Garrison Llc,NGO,"8696 Benjamin Common Apt. 331, Deanport, KY 16600",Hyderabad,7584276861
510,Perez Llc,Govt,"01844 West Lane Apt. 629, Brianchester, CA 02321",Kolkata,1841732652
511,Scott Group,NGO,"6120 Kathleen Plains Suite 672, Greenton, PA 99286",Ahmedabad,9289143535
512,"Barnett, Henderson And Adkins",NGO,"84751 Joanne Glens, South Emilyland, WA 42089",Delhi,5824055465
513,Anderson Group,Govt,"19597 Danielle Drives Suite 303, West Amandafurt, IN 78611",Mumbai,4280540092
514,Villa-Williams,Govt,"05390 John Groves Apt. 292, Thomasmouth, MN 93430",Ahmedabad,5628497565
515,Wheeler Plc,Govt,"10951 Gill Plaza Suite 828, Lake Meghanmouth, HI 95664",Kolkata,3978301898
516,Campos-Reid,Recycler,"5625 Bowman Alley Apt. 271, Kellymouth, MA 07507",Pune,0018020752
517,"Pruitt, Tanner And Pollard",Recycler,"648 Castillo Park, New Gary, ME 82961",Pune,4073197189
518,Brown And Sons,Recycler,"91694 Patricia Corner Suite 664, Jonestown, UT 75623",Ahmedabad,5275652083
519,Mckay And Sons,NGO,"61832 Mark Port, North Maryfort, CA 97277",Kolkata,6430860428
520,Lewis Llc,NGO,"7106 Krystal Circle Suite 737, Riceburgh, KS 16524",Kolkata,1100729084
521,"Patrick, Decker And Cortez",Govt,"0564 Little Springs, Singhside, MN 60078",Bangalore,0015790336
522,"Hodges, Moran And Silva",Govt,"486 Martin Trail Apt. 804, Maryborough, IL 03752",Ahmedabad,9820700026
523,Griffin-Harris,NGO,"1638 Matthew Cove Suite 230, Port Lisa, GA 12262",Delhi,2633080480
524,Martin Llc,Recycler,"3065 Livingston Crossroad Apt. 127, Lake Richardville, OK 70074",Mumbai,7663521526
525,Harris-Valdez,Govt,"0686 Hill Street, Craigfort, IA 46365",Ahmedabad,1468953742
526,Schaefer-Ryan,Recycler,"739 Davis Road Suite 032, Lake Timothy, AK 13588",Mumbai,0950715199
527,Brown Llc,Recycler,"59611 Fowler Row Suite 338, Christopherberg, TX 76478",Ahmedabad,1062881566
528,David-Fowler,NGO,"9363 Graham Circle, Ramosbury, NM 19502",Delhi,4167621874
529,Porter-Anderson,NGO,"8348 Johnson Stravenue, New Melinda, MT 88583",Chennai,8908454826
530,Kim And Sons,Govt,"8128 Long Lodge, West Adrian, CT 82142",Bangalore,4476522469
531,Gutierrez And Sons,Govt,"71352 Murphy Row Suite 050, West Lindamouth, TX 44085",Hyderabad,0018076648
532,"Wright, White And Graham",Recycler,"59482 Samantha Lake, West Margaret, WV 71421",Hyderabad,1160353417
533,"Gallegos, Collins And Rodriguez",Recycler,"910 Kelly Trail, Linshire, TN 89697",Kolkata,2983584480
534,"Garcia, Ellis And Jones",NGO,"156 Lee Village Apt. 917, Josephshire, KS 02337",Mumbai,0308922906
535,Peters-Phillips,NGO,"6452 Bowman Point, Burchhaven, GA 31696",Bangalore,1656260080
536,"Stephens, Caldwell And Wilson",Recycler,"30053 Medina Plains, Grimesfort, GA 95470",Pune,1203071081
537,"Garza, Gray And Holland",Govt,"1519 Sean Villages Apt. 729, Port Lori, ME 20775",Hyderabad,1863583492
538,"Pena, Gilbert And Bell",Govt,"335 Sweeney Parkways, Stanleyberg, NY 85626",Chennai,4638916190
539,Morris-Kent,NGO,"29614 Tina Wells, Calebmouth, MD 82711",Mumbai,1202798914
540,"Mullen, Kennedy And Martin",Govt,"749 Williams Cape Apt. 628, Reedside, AK 65152",Mumbai,1200805701
541,Jennings-Sandoval,Recycler,"5680 Coleman Rapid Apt. 015, East Kimberlyfurt, FL 36309",Chennai,0012494700
542,"West, Taylor And Benson",NGO,"577 Mary Place, Washingtonmouth, IA 07626",Mumbai,1835728909
543,"Stevens, Burton And Leonard",Recycler,"02230 Norman Port Suite 573, Port Margaret, WI 86022",Chennai,0012876575
544,Mcdowell-Ward,Govt,"4878 Diane Inlet Suite 130, North Gregorystad, MO 84527",Ahmedabad,5334798529
545,Gibson-Mitchell,Recycler,"0563 Timothy Meadow Suite 118, New Phillipville, ND 85034",Delhi,5955942298
546,"Hernandez, Jones And Contreras",Govt,"118 Michelle Station Suite 774, South Brett, ND 82253",Kolkata,9859271436
547,"Carrillo, Ruiz And Lutz",Recycler,"6889 Jennifer Mall Apt. 618, Trujillofurt, VA 41970",Pune,0843196521
548,Alvarado And Sons,Govt,"Unit 0557 Box 4028, DPO AA 44542",Bangalore,1587695591
549,Johnson Plc,NGO,"83594 George Freeway, Markburgh, HI 48968",Mumbai,0018024557
550,Cook Llc,Recycler,"27023 Steven Roads Apt. 281, South Aaronfort, IN 39396",Pune,3346026335
551,"Powell, White And Ballard",Recycler,"25215 Joseph Route Apt. 517, Lake James, NY 48454",Mumbai,4485260235
552,Rios-Hernandez,Recycler,"5306 Susan Fork, North Josephhaven, PA 18222",Kolkata,5234087056
553,Dodson-Morales,NGO,"284 Cheyenne Tunnel, Phillipsfurt, OH 06050",Hyderabad,5573380792
554,Soto-Smith,Recycler,"4750 Spencer Island, West Robertfurt, WY 42868",Pune,9906586972
555,King Inc,Recycler,"191 Margaret Walk, Masseyville, IA 50544",Bangalore,0013591142
556,Spencer Ltd,Recycler,"0245 Taylor Green, East Justin, FL 30836",Delhi,0012000132
557,Bates-Cook,Govt,"135 Katherine Rapids Suite 617, Whiteview, WA 91770",Bangalore,4676408977
558,Smith-Lopez,NGO,"063 Nicholas Crossroad, Fryville, MA 55953",Kolkata,2617362924
559,Zimmerman-Hancock,Govt,"438 Caleb Meadows, New Ernest, GA 69979",Chennai,3813852235
560,"Gamble, Cruz And Washington",Govt,"14412 Morgan Estates Apt. 924, Paultown, TN 85045",Bangalore,0013935046
561,Day Group,NGO,"58338 Romero Prairie Suite 919, West Johnton, SC 98094",Ahmedabad,5875950825
562,Figueroa Ltd,Recycler,"0861 Morrison Hollow, Phillipmouth, NH 94754",Mumbai,1529148356
563,Beck And Sons,Recycler,"252 Pratt Roads, Patriciaville, DE 98280",Bangalore,1055624126
564,Herring-Stevenson,Recycler,"0336 Jackson Heights Suite 320, Floresbury, MT 83590",Pune,4340371524
565,Norton Inc,NGO,"683 Christine Street Suite 312, West Frank, WI 53172",Pune,9747870676
566,"Gutierrez, Mayer And Hall",NGO,"8101 Daniel Hill, Alexandratown, MO 79930",Bangalore,1421187490
567,Barrett Ltd,Recycler,"314 Yvette Haven, North Jennifer, LA 07919",Hyderabad,1210704310
568,Davis Ltd,Govt,"506 Smith Meadows Suite 514, West Alexandrastad, MA 53341",Mumbai,9514277021
569,Osborne-Fernandez,Recycler,"11627 Jonathan Terrace Suite 934, North Philipchester, AL 83312",Hyderabad,7255310737
570,Gonzales Llc,Govt,"2408 Ball Bypass Suite 925, Port Jimmy, CT 88601",Delhi,9993191400
571,"Carr, Wagner And Martin",Govt,"192 Zachary Mission Suite 159, Cindystad, SC 25629",Hyderabad,5026642738
572,Dunn-Koch,Recycler,"92724 Andrew Meadow, Ruizhaven, TN 51017",Chennai,7810708240
573,"Howard, Baldwin And Callahan",Govt,"7920 Emily Turnpike, Cruzfurt, GA 02618",Pune,7295126608
574,Tapia-Henderson,NGO,"84039 Julia Falls, Myersfort, WV 54501",Delhi,8633399506
575,Park-Day,Recycler,"550 Deborah Junction, Lake Charleneside, AZ 55038",Ahmedabad,1925098055
576,"Curry, Hampton And Richard",NGO,"60502 Scott Course Apt. 814, South Trevor, RI 02381",Mumbai,2177491176
577,Cook-Johnson,Recycler,"3753 Martin Mission, Deannaberg, HI 81869",Ahmedabad,0838603903
578,Jefferson-Khan,Govt,"51534 Mitchell Rapid Apt. 708, East Brianside, WV 94244",Mumbai,3781010320
579,"Hernandez, Allen And Knox",Govt,"99097 Burns Pike Suite 166, New Andrewfurt, ME 35347",Delhi,1043946162
580,Reynolds Inc,NGO,"60284 Kelly Isle, North Jasmine, MD 50709",Kolkata,1864993397
581,Lee-Obrien,Recycler,"38487 Miller Route, Kevinbury, VT 29938",Pune,1736090857
582,Molina-Garcia,Govt,"90024 Dawn Plain Suite 234, Ramseyland, CA 21426",Pune,6760896010
583,Dougherty-Simmons,NGO,"242 Abbott Lake Apt. 938, Johnton, TN 39893",Bangalore,0014503986
584,Mills Llc,NGO,"29653 Grace Station Apt. 153, South Allenville, AZ 38706",Mumbai,0018786015
585,White Plc,Recycler,"4183 Kimberly Points Apt. 474, West Andrew, ME 29647",Mumbai,2039500786
586,Waters And Sons,Recycler,"Unit 5760 Box 3673, DPO AE 51494",Hyderabad,4247415163
587,Gilbert Group,Recycler,"482 Delgado Mall, Amyland, NC 21729",Delhi,0017577306
588,"Scott, Miller And Gray",Recycler,"92568 Rebecca Springs, Sarachester, DC 58973",Pune,3877765402
589,Wilson-Lee,Govt,"82656 White Fork, Mendozafurt, NH 48975",Hyderabad,0014540349
590,Young-Douglas,Govt,"09470 Scott Green, Glennstad, VT 92028",Pune,9018769270
591,Mathews-Dixon,NGO,"715 Joseph Run, Jeffreyberg, OR 81749",Pune,0017385442
592,Turner Group,Recycler,"989 Amber Mission Suite 342, Martinmouth, NH 14080",Bangalore,5787378156
593,Combs Group,NGO,"67138 Gonzalez Highway Apt. 319, South Ronaldville, GA 41227",Mumbai,0016988967
594,Hudson-Soto,NGO,"6867 Valerie Motorway Apt. 671, Aprilshire, NH 80413",Mumbai,5785235298
595,Zavala Inc,Govt,"1373 Peterson Crossroad, Timothyville, MI 41747",Chennai,2218195171
596,Kennedy-Simmons,Recycler,"31645 Angela Fields, Prestonburgh, MD 01564",Kolkata,5332101254
597,"Powell, Murphy And Foley",NGO,"770 Cody Valley Suite 056, West Andrea, AZ 09279",Mumbai,3545636798
598,"Hamilton, Barnes And Christian",NGO,"498 Anthony Lodge Apt. 267, New Donald, MS 93522",Pune,4294299211
599,"Gallegos, Adams And Baker",Govt,"69782 Barbara Street Apt. 872, North Devontown, NY 20296",Chennai,0019983990
600,Joyce-Miller,Recycler,"680 Benjamin Stream, North Michellemouth, UT 35902",Chennai,8013143360
601,Moss Inc,Recycler,"9599 Becky Trace Suite 919, Kirbyton, CA 31295",Pune,4176592059
602,Santana Inc,Recycler,"8011 English View, Lake Robert, MS 38772",Ahmedabad,9453497320
603,Horn Group,Govt,"3530 Robinson Underpass, Tammyburgh, TX 73978",Delhi,1880497046
604,"Stephenson, Rivera And Kelly",NGO,"Unit 6932 Box 4057, DPO AP 38407",Bangalore,1935391038
605,"Parsons, Jones And Sanders",Recycler,"0952 Toni Village Suite 868, West Heatherborough, KS 19428",Delhi,0010088925
606,"Gibbs, Franklin And Fuentes",Govt,"0377 Karen Drives, West Tammyside, OK 84709",Bangalore,0014853074
607,Sharp Llc,Govt,"0501 John Vista, Joneston, AZ 36696",Delhi,5412348109
608,Lyons Group,Recycler,"1441 Elizabeth Stravenue Suite 010, Lake David, FL 77677",Ahmedabad,1761114832
609,Brady-Reilly,NGO,"21669 Black Squares Apt. 011, Lake Jamie, AK 16565",Hyderabad,7965567323
610,Carter Llc,Recycler,"80749 Lee Flats, West Jessicastad, RI 96105",Kolkata,2816836257
611,Graves Group,Recycler,"05915 Stein Ports Apt. 555, New Larrystad, WY 48742",Hyderabad,9643522173
612,Arnold And Sons,Govt,"298 Elizabeth Brooks Apt. 917, South Leonard, SD 85417",Mumbai,4204578131
613,Cox-Gill,Recycler,"03024 Jeffrey Bridge Apt. 131, Rogerport, CO 37462",Kolkata,7780559227
614,Johnson-Guerrero,NGO,"769 Salazar Street Suite 256, Wongport, CA 28247",Hyderabad,0764996727
615,"Jenkins, Johnson And Williams",Govt,"475 Dominique Tunnel, Cynthiaberg, CT 09158",Mumbai,7042259332
616,Gallagher Inc,NGO,"16166 Parker Inlet, Perkinston, DE 15181",Mumbai,1895111578
617,Mcintyre Group,NGO,"602 Turner Fords Suite 245, Jennifershire, IL 58956",Ahmedabad,4787508057
618,"Jones, Small And Fuentes",Govt,"440 Eric Oval Suite 894, West Kurt, NV 80118",Kolkata,6660448671
619,Ryan Inc,Recycler,"773 Colon Mountain, Briannamouth, WA 38732",Ahmedabad,2733188156
620,Weiss Llc,Govt,"7970 Burke Stravenue Apt. 770, Crystalstad, IL 04013",Bangalore,1731412725
621,"Thompson, Little And Andrews",NGO,"2405 Peterson Rue Apt. 517, Robertsside, NE 42538",Bangalore,6424374282
622,Johnson And Sons,NGO,"64960 Martin Junctions, Lake Bryan, TX 14506",Mumbai,0014876096
623,"Allen, Martin And Wilson",Govt,"932 Nicholas Alley Suite 506, Lozanoville, VA 44515",Mumbai,1844523649
624,Garcia Ltd,Recycler,"208 Vasquez Summit, West Brianchester, IA 24946",Delhi,5175196792
625,"Russell, Rogers And Jordan",Recycler,"342 Antonio Views Apt. 431, South Stephenburgh, OH 61683",Delhi,9958936742
626,Tucker Group,Recycler,"Unit 7873 Box 8801, DPO AE 08855",Delhi,0529238352
627,Clark Group,NGO,"8063 Joseph Plaza Suite 846, West Meganburgh, CT 52407",Kolkata,0015542793
628,Santiago-Jones,NGO,"7610 Tammy Walks, Stanleystad, LA 11320",Bangalore,0010437702
629,Rivera And Sons,Recycler,"72464 Hendrix Valley, Smithside, MI 11828",Delhi,9906563226
630,Jacobs-Hodges,Govt,"512 Morrison Extension Suite 291, Carlsonberg, FL 17637",Pune,1253841875
631,Brooks-Washington,Recycler,"8836 Smith Prairie Apt. 340, Lake Lisa, NJ 67510",Kolkata,6159266866
632,"Holmes, Weaver And Johnson",Recycler,"3000 Lisa Oval Suite 093, Hopkinstown, NJ 01251",Pune,1280337142
633,Holloway-Porter,Govt,"268 Sawyer Islands, Ericchester, DC 80552",Kolkata,3698324072
634,"Miller, Gay And Calderon",NGO,"618 Bridget Parkways, New Amandaton, AK 82417",Mumbai,3627244522
635,Howard-Green,Govt,"72221 Barajas Freeway, West Brent, MO 81568",Kolkata,0013297451
636,"Hinton, Harrington And Henderson",Recycler,"9513 Bianca Meadow, Lake Stephaniemouth, FL 84571",Delhi,0016647118
637,"Smith, Moore And Doyle",Recycler,"465 Dalton Trail, Pinedachester, UT 87587",Chennai,5167655999
638,Sullivan-Yang,Govt,"4995 Melanie Freeway Suite 043, Terriport, CT 55301",Delhi,6317774422
639,Garcia And Sons,NGO,"197 Teresa Course, East Jonathanborough, NH 43317",Mumbai,0295838508
640,"Harris, Jackson And Garcia",NGO,"513 Santos Street, Lake Jenna, CA 91828",Hyderabad,1916335471
641,Zuniga Ltd,NGO,"4176 Hannah Drive, South Sandraberg, SD 78078",Kolkata,0014580284
642,"Beck, Palmer And Miller",Recycler,"9931 Morris Stream Suite 513, New Tammy, WY 29734",Ahmedabad,7461616054
643,"Mcguire, Guerra And Reyes",Recycler,"470 Jacobs Walk Suite 312, South Kristineport, AL 87407",Kolkata,1697296720
644,Brown Inc,Recycler,"758 Vaughn Overpass Suite 019, Lake Michael, DE 59883",Hyderabad,5046161438
645,Bruce Group,Govt,"6909 Davis Curve Suite 095, Gonzalezton, NY 43766",Hyderabad,1528823132
646,Shannon Llc,Govt,"599 Monica Mountain Suite 638, Williamfurt, TN 75942",Chennai,2543763662
647,"Crawford, Jones And Burnett",NGO,"Unit 6535 Box 9553, DPO AP 35804",Kolkata,0698958294
648,Lawson Ltd,Govt,"554 Sean Ford, Ritaland, OK 92882",Ahmedabad,4215440967
649,Thomas-Browning,Recycler,"4040 Moore Skyway Suite 703, Johnmouth, MS 30839",Chennai,7799751090
650,Padilla-Gomez,Recycler,"407 Margaret Forks, Stephaniechester, MN 95710",Delhi,4117082922
651,Matthews Llc,NGO,"002 Williams Tunnel, West Scottmouth, RI 75499",Delhi,5552378390
652,Austin-Herman,Recycler,"6844 Makayla Fort Apt. 338, Nicolechester, CA 75307",Kolkata,3483082413
653,Wilson Inc,Govt,"490 Michael Summit Apt. 417, Stevensonborough, LA 94649",Delhi,1307182182
654,Nixon Inc,NGO,"8110 Eric Ways Apt. 883, Osbornfort, AL 89072",Delhi,5795356441
655,Obrien Ltd,Govt,"2863 Martin Valley Apt. 238, Tammyberg, IN 09717",Pune,5914509090
656,Boyd Group,Govt,"91067 Jeffrey Pike Apt. 765, Port Kenneth, AR 23832",Hyderabad,0014966899
657,"Rivera, White And Jones",Recycler,"544 Pierce Inlet, Wheelertown, KY 07964",Chennai,1870322177
658,Anderson Llc,Govt,"103 Adam Harbor, Lake Brettfort, NY 09357",Chennai,2972957551
659,Reynolds Group,NGO,"9633 Laura Estate, Dalefurt, NE 70301",Ahmedabad,1921274621
660,"Zamora, Bailey And Thompson",Recycler,"5621 Carla Stream Suite 909, Nancyland, ME 65834",Bangalore,3763782564
661,Browning-Carney,Govt,"577 Marc Points Suite 506, Georgeshire, KY 44686",Hyderabad,1590592568
662,Smith-Brennan,Recycler,"795 Melanie Plains Apt. 466, Lake Stephaniefurt, NY 92791",Delhi,8504162750
663,"Fowler, Johnson And Mendez",Recycler,"23802 Baker Viaduct, Wernerberg, NM 50050",Pune,5148749715
664,"Davis, Chambers And Gould",Govt,"853 Martin Way, Ashleyland, OR 46041",Kolkata,5952287512
665,Duncan Inc,NGO,"4973 David Heights, Allenchester, AK 74495",Mumbai,1910504596
666,"Pena, Yoder And Hayden",Govt,"758 Jose Spring Suite 594, North Allen, GA 02689",Mumbai,1841828654
667,Murphy-Mccarthy,Govt,"90937 Conley Trace Suite 079, Sandovaltown, TX 53181",Bangalore,6941351284
668,"Harris, Abbott And Edwards",Govt,"582 Ford Circle Suite 992, South Carol, DE 49599",Pune,9490608276
669,"Perez, Olsen And Barrett",Recycler,"9691 Lynn Mountains Apt. 494, New Michael, TN 55960",Delhi,3759849138
670,"Wells, Mann And Jimenez",NGO,"113 Laura Ridge, Natalieburgh, ID 12790",Bangalore,3241707127
671,Allen-Reese,Recycler,"132 Jill Village, East Natasha, LA 68535",Hyderabad,3519788164
672,Solis And Sons,NGO,"900 William Expressway Apt. 417, Lake Davidbury, SC 13041",Kolkata,7743403057
673,"Jackson, Mann And Fowler",NGO,"58136 Kathleen Causeway, Lake Natalieberg, UT 64268",Kolkata,1685462116
674,Williams And Sons,NGO,"USNS Adams, FPO AA 86539",Ahmedabad,6453629213
675,Nelson Plc,NGO,"92918 Hicks Prairie Suite 549, Jillmouth, MI 39133",Chennai,2047442175
676,Willis-Pugh,Recycler,"44446 Washington Path Apt. 452, Dennishaven, NY 70511",Chennai,1646508930
677,Jones Plc,Recycler,"997 Green Forges Apt. 777, Lake Kimberly, WA 16489",Mumbai,4224125038
678,Roberts And Sons,Recycler,"07419 Reed View Suite 006, East Jimmy, PA 73514",Mumbai,1877335210
679,Fleming-Payne,Recycler,"3218 Mcbride Trail, Natashaton, NC 45939",Ahmedabad,0018998181
680,"Castro, Mitchell And Deleon",NGO,"39553 Gonzalez Haven Suite 197, Lake Alexander, OK 88971",Kolkata,2424300917
681,Rodriguez And Sons,NGO,"308 Hubbard Extension Suite 478, Port Ashley, NM 16076",Mumbai,1257989691
682,Thomas Inc,Govt,"2449 Thompson Camp, Reyesshire, CA 47118",Kolkata,8311977895
683,Simmons Llc,Recycler,"80054 Beltran Terrace, South Samuel, DE 87712",Ahmedabad,3162575100
684,Lewis Group,NGO,"4397 Ana Walks Suite 184, Wesleyfurt, AR 23616",Ahmedabad,2918236372
685,Bryan-Davis,NGO,"310 Oscar Fort, Johnsonton, WY 60054",Mumbai,1482522925
686,Cain Group,Recycler,"5903 Morgan Knoll Suite 237, West Samuel, MS 98196",Bangalore,2676174790
687,Ballard-Carney,Govt,"42059 Green Drive, Keithmouth, AR 49710",Hyderabad,3719603489
688,Patterson Inc,Govt,"99521 Kelsey Route Suite 424, North Michaelview, SC 61490",Delhi,1086808835
689,"Meza, Walker And Green",Recycler,"9799 Green Keys Suite 290, Jasonhaven, NJ 43311",Kolkata,8497850786
690,Malone Inc,Recycler,"678 Brooks Coves, Lake Rebecca, LA 54598",Mumbai,1999275237
691,"Robles, Ali And Richardson",Govt,"51875 Brown Ford Apt. 093, Jonestown, LA 41364",Chennai,4197294103
692,Carroll-Cortez,NGO,"11713 Karen Squares Suite 097, New Josephmouth, AR 72838",Pune,7373169275
693,Gutierrez-Williams,Govt,"977 Williams Ranch Suite 018, East Mitchell, UT 52697",Delhi,1806108537
694,Garcia And Sons,Govt,"126 Morgan Ridges, West Codyton, CA 72073",Hyderabad,6934910676
695,"Holmes, Woods And Brown",NGO,"9411 Perez Fall, Lake Edward, OK 50457",Bangalore,2958616721
696,Hess Llc,Recycler,"5024 Rachel Corner Apt. 548, West Heatherstad, MA 00759",Pune,4242633523
697,Keller Ltd,NGO,"1320 Allen Course Apt. 920, North Kimberly, NV 56247",Chennai,0017448228
698,Morse Llc,Recycler,"96667 Thompson Lane, Lake Ericchester, ME 80447",Ahmedabad,1104716495
699,"Torres, Russell And Mcdonald",Recycler,"71534 Steven Summit, Lake Megan, NH 28678",Bangalore,2766548427
700,Mack-Townsend,Recycler,"454 Jaime Stream Apt. 021, Jesuschester, WV 74354",Delhi,5388232345
701,Robertson-Martin,Recycler,"7549 Elizabeth Turnpike Apt. 980, East Jessemouth, MO 10098",Chennai,1157701411
702,"James, Hernandez And Jones",Recycler,"81158 Hutchinson Lodge Suite 091, Harrismouth, SC 48249",Chennai,5792151098
703,Brown Ltd,NGO,"3002 Freeman Dam Apt. 656, Dustinchester, ID 73063",Kolkata,8263267631
704,Parker Inc,Govt,"3987 Joshua Grove Apt. 642, North Laura, KS 96253",Mumbai,1438381674
705,Wiggins-Kelly,Govt,"3894 Wiley Dale Suite 245, Gainesside, ND 23898",Hyderabad,4554042100
706,Evans Plc,Recycler,"77854 Clark Streets, Lake Michaelside, MS 17285",Delhi,0016923395
707,"Cook, Hopkins And Cline",Recycler,"7312 Moore Lake, Romanville, CT 97243",Chennai,1751733583
708,Thomas-Carter,Govt,"51569 Collins Plaza, Blackwellfort, NH 09471",Ahmedabad,5935891054
709,"Mosley, Parsons And Thompson",Recycler,"96433 Russell Trafficway Apt. 099, New Robert, TN 95180",Mumbai,0017842775
710,Steele Group,NGO,"66991 Wendy Plains Suite 685, Kellychester, OK 31509",Mumbai,1115685402
711,Goodman-Martinez,Recycler,"036 Geoffrey Spur Suite 185, East Brooke, NE 46914",Ahmedabad,1307398714
712,Bradshaw-Gonzalez,Recycler,"7774 Deborah Hill Suite 518, North Richard, WV 23441",Bangalore,3363057578
713,Key-Lopez,Govt,"PSC 5076, Box 6606, APO AP 84483",Pune,1508526106
714,Cruz Llc,Govt,"412 Smith Terrace, Jameschester, LA 67976",Pune,5960001820
715,"Freeman, Hughes And Robinson",NGO,"392 Miller Court, New Mary, RI 70530",Delhi,9216501817
716,Dixon Plc,NGO,"522 Anderson Ranch Apt. 528, East William, WY 53415",Pune,5177313197
717,Taylor-Mata,Recycler,"55937 Hopkins Circles Apt. 825, Molinachester, WI 44745",Kolkata,6391727154
718,"Steele, Gutierrez And Nichols",Recycler,"1350 James Locks, Lake Thomasshire, SC 66693",Bangalore,5744654482
719,Mendez Plc,NGO,"55887 Ramirez Canyon, Brianland, CA 27763",Hyderabad,6508656996
720,Mendoza-Vasquez,NGO,"53834 Anthony Land, Wilcoxberg, VA 95521",Bangalore,1766562067
721,Werner Group,Recycler,"4410 Harris Mountains Apt. 182, North Jefferyview, RI 96935",Chennai,5827173203
722,Beck Group,Govt,"5184 Hicks Pass Suite 978, Michaelhaven, VT 95570",Hyderabad,9579711491
723,Holland Plc,NGO,"239 Davis Plain Apt. 278, Longchester, TN 79988",Pune,0018420032
724,"Perez, Williams And Stewart",Govt,"42076 Anthony Valley, East Matthew, OK 37493",Ahmedabad,1576039610
725,"Garza, Brown And Mejia",Recycler,"761 Heather Port Suite 676, North Stephanie, ID 44445",Mumbai,5614315383
726,"Cline, Sanchez And Spears",NGO,"85904 Teresa Burgs, West Dalton, NV 04696",Pune,6423733134
727,"Hernandez, Brown And Wilkerson",Recycler,"2177 Luna Row Apt. 101, Taylorview, WI 17983",Pune,5175079631
728,Thomas Ltd,Recycler,"619 Lyons Roads Suite 196, Jacksonland, MI 63970",Chennai,6586862378
729,Horton-West,Govt,"21999 Melissa Shoal Apt. 767, Lake Michellefort, AL 00690",Delhi,2796244527
730,"Mooney, Roberts And Gonzalez",NGO,"98780 Huerta Heights, Villanuevamouth, OK 40807",Kolkata,0019186849
731,Griffith And Sons,NGO,"703 Richardson Street Suite 854, Timothyfurt, MD 28598",Ahmedabad,9246430813
732,Hernandez Llc,NGO,"Unit 5041 Box 2266, DPO AA 99128",Kolkata,5094557314
733,"Hernandez, Bernard And Henderson",NGO,"7603 Linda Parkway Apt. 710, East Jonathanhaven, VT 69730",Hyderabad,1641793996
734,Sanchez And Sons,Recycler,"8838 Boyd Turnpike Apt. 581, Clarkchester, CT 50163",Delhi,2235079937
735,"Welch, Anderson And Riley",NGO,"496 Elizabeth Fords Suite 299, Brianfurt, FL 94821",Chennai,6628107677
736,"Pollard, Drake And Medina",Recycler,"397 Amanda Cliff Apt. 597, Rebeccahaven, OK 75019",Hyderabad,3053740624
737,Hughes Inc,Recycler,"48773 Bell Pines, Kimberlyville, ND 54090",Ahmedabad,0016132940
738,Greene Llc,Govt,"8500 Taylor Springs, Meganhaven, VT 91538",Kolkata,8009998669
739,"Smith, Murphy And Pitts",Govt,"735 Brooks Fork Suite 536, Christinefurt, VT 08561",Chennai,7997722226
740,Young Inc,Recycler,"27507 Ballard Ridge Suite 693, West Danielstad, OH 49959",Mumbai,1901681207
741,"Trevino, Stein And Sutton",Recycler,"USNV Moreno, FPO AA 74999",Chennai,9224455652
742,White Inc,NGO,"1399 Rios Mission Suite 993, North John, MD 57379",Delhi,0015907056
743,Franco And Sons,Recycler,"128 Carter Squares, North Shawnborough, TX 49752",Pune,0019382145
744,"Aguilar, Todd And Oneal",NGO,"28405 Charles Knolls, West Patrickton, ID 98024",Bangalore,9126048589
745,Nguyen-Austin,Recycler,"0938 Gomez Inlet Suite 192, Mayton, MN 33726",Chennai,7487056623
746,"Wong, Parker And Sims",Govt,"12350 Foster Landing Suite 605, West Christinahaven, MN 84900",Kolkata,7657893793
747,Freeman-Perez,Govt,"352 Heather Trafficway, Mortontown, DE 04027",Kolkata,7647142432
748,Garcia Ltd,Govt,"6237 Lee Roads, Port Jeffreybury, RI 70918",Delhi,1452378034
749,Robinson-Gonzalez,Govt,"2565 Brandt Plaza Suite 680, Samanthaton, AR 94286",Kolkata,8953815750
750,Cohen Ltd,Govt,"8180 Gibson Station Suite 914, West Elizabethville, KY 56558",Bangalore,1995417100
751,Patterson-Tran,Govt,"536 Tyler Unions Suite 665, Christineton, TN 30468",Chennai,4238162266
752,"Lucas, Fox And Myers",NGO,"836 Jennifer Plain, Lake Nathanielborough, CO 86780",Hyderabad,1313561170
753,Wells-Phillips,Recycler,"2239 Timothy Light, New Hollychester, GA 22804",Ahmedabad,8858431357
754,Parker-Hill,Recycler,"729 Garcia Oval, Richardmouth, OR 75439",Mumbai,6183442511
755,"Johnson, Stewart And Cook",Recycler,"1528 Young Plaza, Adamchester, WI 11921",Chennai,1706491445
756,Fuentes Group,Govt,"1641 Ibarra Forks Apt. 768, Adrianland, KY 09899",Chennai,1781090719
757,Collins Llc,Recycler,"8387 Patrick Camp Suite 296, Barberhaven, ND 34218",Ahmedabad,8816848272
758,Pearson Inc,Recycler,"0464 Peterson Freeway, Lake Adamtown, MI 93982",Kolkata,0011990818
759,"Holloway, Allen And Vang",Govt,"23736 Brown Village Apt. 260, Brendaview, IN 47246",Chennai,5226549305
760,Ali Plc,Recycler,"5135 Phillips Manor, Lake Noahton, AK 80463",Kolkata,1972740514
761,Rangel Group,Govt,"913 Richardson Inlet, Lake Tiffanyburgh, MN 38319",Bangalore,6006289223
762,"Green, Ward And Ford",NGO,"PSC 3895, Box 9458, APO AP 22419",Delhi,5174752949
763,Ellis-Sanders,Recycler,"895 Harris Field, Henrychester, WI 60016",Bangalore,3101221338
764,Kelly-Clark,Govt,"14483 Roberts Trail Suite 749, New Roger, ID 74153",Bangalore,0012525430
765,Bell Group,Recycler,"6068 Teresa Glens Suite 157, Robertville, ND 06585",Kolkata,1103022123
766,Carlson-Walker,Recycler,"1422 Fuentes Road Apt. 621, Josephborough, NJ 14447",Kolkata,0451967877
767,"Gomez, Jacobs And Clark",Govt,"32635 Mcguire Mall Apt. 336, North Austin, MA 58753",Pune,9732381545
768,Taylor-Rasmussen,Govt,"USCGC Kim, FPO AE 83076",Mumbai,0235640930
769,Hicks-Spence,NGO,"78679 Hudson Rest Apt. 819, Lake Ashleyside, TX 60810",Hyderabad,6123190024
770,Snyder Llc,NGO,"73533 Nichole Bypass Apt. 899, Ortizchester, NE 70367",Bangalore,8431162106
771,"Gilbert, Kirby And Clark",Recycler,"543 Andrew Knoll Suite 710, Lake Brian, WI 19362",Pune,5960889586
772,Hinton Plc,Govt,"31494 Jackson Courts Apt. 586, South Dontown, RI 67633",Ahmedabad,8040999151
773,Mcgee-Carter,Govt,"501 Emily Neck, Jenniferfurt, IN 54848",Kolkata,1226472543
774,Lewis-Hebert,Recycler,"40817 Zimmerman Harbor Apt. 539, Ricemouth, SC 24846",Kolkata,6820918812
775,Martinez-Green,Recycler,"702 Cathy Ville, Matthewstown, NE 88853",Bangalore,5159117533
776,Gonzales And Sons,NGO,"37970 Williams Rue Apt. 775, Whitestad, NH 11827",Hyderabad,2015333003
777,Nelson-Gallagher,Govt,"PSC 1331, Box 1519, APO AA 66450",Hyderabad,9484226631
778,Turner-Lewis,Recycler,"49131 Nicholson Route, Jamesfurt, NM 12029",Bangalore,6463514522
779,"Fischer, Taylor And Taylor",Govt,"8529 Farmer Port, Lake Jonathan, MT 47069",Delhi,7583352197
780,Blevins Llc,Govt,"154 Eric Green, Shawtown, NV 44281",Pune,1632703491
781,Garcia-Smith,Govt,"636 Jackson Drives Apt. 264, Shelleyborough, NM 55312",Delhi,7967467269
782,"Hall, Walker And Freeman",Recycler,"70267 Carrie Lights, West Melissaport, CT 71288",Kolkata,1475616038
783,"Hernandez, Johnson And Barnes",Govt,"795 Jones Tunnel, Port Alexfurt, CA 88635",Chennai,9293257890
784,Henderson Inc,Govt,"7112 Derrick Forest, Port Meganberg, IN 69728",Mumbai,1595129207
785,Watson Plc,NGO,"895 Daniel Crest, Lake Kathy, OR 65660",Bangalore,0017387927
786,Walters Ltd,NGO,"665 Kevin Spur, Laurafurt, NH 35989",Mumbai,0620681484
787,"Mendez, Martinez And Wagner",Recycler,"98113 Katherine Path, Johnborough, DE 38456",Kolkata,9811796330
788,"Morgan, Smith And Gibson",NGO,"USNV Brown, FPO AA 37577",Bangalore,2719298028
789,Bray-Santos,Govt,"1693 Lamb Groves, New Joycemouth, DE 86324",Mumbai,1632381370
790,Alvarez And Sons,Govt,"415 Michael Wells Apt. 851, Youngfort, CA 16048",Kolkata,4466847132
791,"Banks, Case And Boyd",NGO,"118 Fox Crest Apt. 146, East Jamesstad, MA 83580",Delhi,0016828901
792,Sweeney Ltd,NGO,"16766 Douglas Court Suite 892, Riceside, KY 61912",Chennai,7181938347
793,"Meyers, Harmon And Scott",Recycler,"802 Shelly Forge, Lake Christianport, NY 23137",Mumbai,1430444697
794,Hart-Walker,NGO,"19768 John Lake, North Jonathanstad, TN 11858",Hyderabad,0307661706
795,"Spears, Hughes And Cummings",Recycler,"4820 Martinez Inlet Apt. 818, Andrewsberg, WI 37304",Delhi,4055724772
796,Castaneda-Santos,Recycler,"916 Stephanie Groves, Stephaniefort, UT 21154",Pune,1901706686
797,Meyers And Sons,NGO,"935 Barber Terrace Apt. 470, Heatherland, GA 55095",Pune,6564165666
798,Short And Sons,Recycler,"18058 Kathy Port Suite 792, Whitemouth, MI 60850",Pune,1503359848
799,Chambers-Caldwell,NGO,"43422 Fernandez Forge, Port Miranda, UT 00939",Pune,3398930904
800,Williams Group,NGO,"USCGC Cooper, FPO AA 96886",Pune,1901405650
801,"Stevenson, Owen And Williams",Recycler,"79904 Lee Rapids, Port Brookeshire, DE 68178",Ahmedabad,0013864883
802,Mckay-Powers,Govt,"7529 Baldwin Springs, Sarahburgh, MS 82130",Chennai,5489788141
803,"Taylor, Murphy And Martin",Recycler,"50875 Williams Meadows Apt. 448, New Juliaside, TN 51023",Ahmedabad,8950139193
804,Mccall-Massey,Recycler,"13498 Lewis Summit, New Elizabeth, ME 02683",Delhi,6247863572
805,Hall Plc,NGO,"45446 Lara Gateway, Port Bryan, AZ 78340",Delhi,4968617730
806,Neal Ltd,NGO,"7617 Candice Landing Apt. 103, Richardburgh, NJ 91349",Hyderabad,2109028057
807,Brock Llc,Recycler,"6630 Acosta Estate, Watsonberg, HI 03350",Mumbai,1758928390
808,Lee-Johnson,NGO,"607 Adam Village Apt. 248, Port Kimberly, SD 61516",Bangalore,5677946685
809,Wagner-Moore,NGO,"7574 Mcguire Pines, Ericamouth, MN 52205",Bangalore,5192427934
810,"Hansen, Cox And Ross",Govt,"51187 Moreno Garden Suite 144, Ortegamouth, NV 53924",Mumbai,0013971031
811,Golden Ltd,Govt,"4205 Elizabeth Ville Suite 784, Thompsonland, IL 34824",Mumbai,0016518651
812,"Boyd, Fuller And Shaw",NGO,"686 French Route, Samuelchester, AR 13933",Ahmedabad,0593967015
813,Miller-Anderson,Govt,"Unit 5529 Box 5787, DPO AE 42072",Delhi,6832022711
814,Delgado Plc,NGO,"49800 Ramos Spur, Lisamouth, NV 90211",Bangalore,3432823913
815,Myers-Cain,Govt,"Unit 9835 Box 9808, DPO AA 51624",Pune,1873297584
816,Lester And Sons,Recycler,"4698 Bailey Plains, New Bryanfurt, AK 75692",Delhi,7830626465
817,"Porter, Odom And Adams",Recycler,"28420 Stephen Prairie, Lake Ashley, OR 68091",Kolkata,1220215128
818,Miller-Reyes,Recycler,"1652 Tracy Alley Suite 775, New Brianton, HI 21265",Chennai,0016073478
819,Henderson-Barajas,NGO,"23385 Sanchez Stravenue, Benjaminfort, AR 98410",Hyderabad,8582196459
820,Taylor And Sons,Govt,"125 Mcmahon Parkway, Lake Christina, IL 03248",Hyderabad,8141257067
821,"Leonard, Kaufman And Pearson",NGO,"5475 Jones Fort Apt. 568, Clarkton, ME 21120",Chennai,4596394684
822,Mcbride Inc,Recycler,"587 Nicholas Springs Apt. 750, South Cynthia, FL 51470",Delhi,2102387288
823,Peck-Macdonald,NGO,"706 Riley River Apt. 196, Jeffreybury, MT 19315",Ahmedabad,9502111870
824,"Williams, Smith And Medina",Recycler,"53220 Barbara Knolls, Odomton, OK 69751",Delhi,4661710147
825,"White, Lamb And Summers",NGO,"PSC 9117, Box 3906, APO AA 42993",Delhi,6888576027
826,Martinez Inc,NGO,"24506 David Mountain Apt. 524, Lake Tarachester, KS 83824",Mumbai,0015646866
827,Klein Llc,NGO,"13743 Dixon Overpass, North Katherinebury, HI 25467",Ahmedabad,2583376223
828,"Young, Rivera And Wilson",Recycler,"6578 Lutz Mews Apt. 000, West Carmenville, MS 21823",Mumbai,1479393348
829,Waller-May,Recycler,"55580 Wesley Land, Bartonmouth, CT 90888",Chennai,1838237084
830,Scott-Herrera,Recycler,"38138 Espinoza Springs, Melissaside, HI 81259",Hyderabad,2645701773
831,Randall Group,Recycler,"65360 Phillips Stream, Millerfort, IN 10857",Ahmedabad,1082627756
832,"Johnson, Wilson And Hamilton",Recycler,"566 Christopher Street, New Barbara, CO 93056",Hyderabad,7586435830
833,"Snyder, Walker And Gonzalez",NGO,"9289 Hinton Court, Wilsonfort, SD 52234",Ahmedabad,1634549642
834,Perry Plc,NGO,"5830 James Village, Amandaside, NH 48766",Hyderabad,3449108853
835,English And Sons,Recycler,"7834 Tyler Village, East Shelby, CO 73496",Pune,6717711034
836,Thompson Group,Recycler,"74574 Thomas Ridges Apt. 848, North Lauratown, AL 12327",Kolkata,3021489040
837,Davis And Sons,NGO,"58192 Tate Drive, Keithmouth, MT 38380",Kolkata,6184689158
838,Collins-Henson,Recycler,"USS Carter, FPO AA 97773",Ahmedabad,0011929083
839,Knight Plc,Recycler,"126 Jenkins Ridges Apt. 699, Lake Jennifer, NV 88850",Hyderabad,8665748659
840,Ramos-Ashley,NGO,"6738 Benjamin Mountain Suite 068, East Diana, WI 62754",Ahmedabad,3934741267
841,"Porter, Cabrera And Cole",NGO,"6052 Teresa Wells Apt. 213, North Danielle, NV 89687",Chennai,1928802295
842,Sanders-Sherman,NGO,"0799 Marissa Spring, South Davidland, WA 37468",Delhi,4491974708
843,Weaver-Sanders,Recycler,"49859 Allen Flats Suite 509, Damonberg, UT 91479",Mumbai,0016724089
844,Watson Group,Recycler,"91871 Rodriguez Grove, Jennifershire, PA 21301",Kolkata,0010718980
845,"Holland, Johnson And Johnson",Govt,"PSC 6117, Box 3417, APO AP 34155",Pune,4655451233
846,Diaz-Jones,Govt,"915 Sullivan Burg Apt. 633, Espinozahaven, MA 03001",Chennai,7443525019
847,Gutierrez And Sons,Govt,"66967 Hunter Courts Apt. 414, Edwardview, NE 36507",Delhi,0019153509
848,Hurley-George,NGO,"651 Duane Motorway Apt. 004, Port Geraldview, IA 68192",Pune,7098192050
849,Allen Ltd,Govt,"362 Aguilar Forges, Port Andrea, NM 98384",Ahmedabad,1924912830
850,Patterson And Sons,Govt,"392 Cox Mall, Duncanfort, MO 16537",Chennai,1960791172
851,Wright And Sons,NGO,"3562 Ball Stravenue, Tinatown, KY 94708",Hyderabad,0010941477
852,"Thompson, Herrera And Anderson",Recycler,"63629 Smith Pike, Castanedaport, UT 86974",Pune,1732232242
853,Hunt-Miller,Govt,"5287 Woods Ridge, West Jonathanport, CO 58537",Delhi,4344105794
854,Thompson And Sons,Govt,"4834 Wilson Radial Suite 508, Webbview, DC 94479",Bangalore,1157066250
855,"Patterson, Thompson And Johnson",Recycler,"1494 Martin Path Suite 926, West Georgehaven, WV 90265",Ahmedabad,1305682080
856,"Mason, Hurst And Jackson",Recycler,"2109 Saunders Flat, Erikafort, CO 28233",Bangalore,2792990251
857,Smith Ltd,Recycler,"PSC 2798, Box 2579, APO AP 67676",Chennai,3594326032
858,"Mcdonald, May And Smith",Recycler,"1506 Hernandez Light, New Williamside, OR 48889",Delhi,0012085151
859,Hendricks-Rivers,NGO,"494 Curtis Mills Apt. 590, South Kenneth, NY 94959",Mumbai,3725901259
860,"Norris, Adams And Perez",Govt,"671 Collins Shoals Apt. 959, Lindaland, OR 40087",Pune,7007191035
861,Orr Plc,Recycler,"34051 Flores Stravenue Suite 631, Elizabethside, AR 49703",Bangalore,1542118895
862,"Scott, Fletcher And Wilson",Govt,"9517 Jesse Shoal Suite 648, West Jeffreyborough, NV 35085",Hyderabad,0198011063
863,"Martin, Hill And Nelson",NGO,"9518 Darlene Oval Suite 517, West Justinbury, OR 73645",Mumbai,3459489304
864,"Nelson, Warren And Franklin",Recycler,"9569 Carrie Squares, East Sarah, ID 11741",Pune,7926640307
865,"Bradley, Rios And Jordan",Govt,"67109 Scott Lane, Coreymouth, GA 03840",Pune,1653749455
866,Wheeler Inc,Govt,"5493 Sellers Pass Apt. 268, North Taylorside, MS 92911",Kolkata,1320197030
867,Wright Ltd,NGO,"811 Gabriel Mill Suite 615, New Anthonyhaven, KY 41272",Ahmedabad,4676004259
868,Keith-Stewart,Recycler,"4584 Carroll Union Suite 196, West Ashleytown, CA 86910",Pune,0014090544
869,Fisher And Sons,Recycler,"390 Lester Loaf Suite 752, Dawnburgh, IA 14104",Pune,0015799706
870,Kim-Hall,Recycler,"968 Nancy Port, East Stephen, WI 55347",Bangalore,2393526017
871,"Jones, Merritt And Martinez",Govt,"Unit 1354 Box 2701, DPO AP 72700",Mumbai,3320025304
872,"Ross, Navarro And Smith",Recycler,"31156 Terry Forges Suite 628, Morganville, NY 34401",Mumbai,1336492152
873,King-Bean,NGO,"6393 Jared Curve, North Ryan, VT 67806",Kolkata,7018215574
874,"Miller, Anderson And Trujillo",NGO,"88334 Melissa Club, Andrewsland, ME 35386",Hyderabad,0015576696
875,Washington Ltd,NGO,"5741 Peterson Key, East Virginia, DC 24738",Ahmedabad,2237166433
876,"Oliver, Sims And Moore",Govt,"2927 Mary Ridges, Lake Brian, NJ 56726",Ahmedabad,1420117310
877,"Miranda, Long And Williams",Recycler,"9566 Mckinney Corners, East Amystad, NJ 90369",Bangalore,1227839290
878,Rice-Stephens,NGO,"USCGC Mejia, FPO AA 78956",Pune,0016577654
879,Scott And Sons,Recycler,"453 Chavez Prairie, North Richardhaven, TX 61513",Pune,1182223449
880,Gibson-Brock,Recycler,"569 Turner Isle Apt. 421, Stevenshire, KS 17868",Pune,0713391438
881,"Sanders, Mcmahon And Anderson",NGO,"4525 Mary Mills Apt. 067, Littleborough, RI 89156",Chennai,8039934686
882,Schmitt-Gould,Recycler,"938 Zachary Spur, New Maryborough, VA 42504",Ahmedabad,7398485505
883,Myers Inc,NGO,"6278 Foster Roads, Martinfort, WV 51969",Kolkata,7243814456
884,Miller-Singleton,Recycler,"3014 Cruz Forest Apt. 845, Justintown, DC 86410",Kolkata,2198848131
885,Stanton Llc,NGO,"89893 Wendy Squares, Lake Sandra, VT 05689",Hyderabad,4176697068
886,Horton And Sons,NGO,"674 Gabriela Brook Apt. 977, West Hannah, OR 86825",Ahmedabad,2595901213
887,Morgan Llc,Govt,"4669 Steven Meadow, Walterschester, LA 03498",Mumbai,1482211945
888,"Snyder, Smith And Callahan",Recycler,"16855 Smith Loaf, Laurentown, NC 27836",Bangalore,0016072288
889,"Faulkner, Simon And Joseph",NGO,"06528 Mitchell Inlet, North Lee, IL 98386",Ahmedabad,1416370727
890,White Plc,NGO,"9939 Wells Points, North Sarahhaven, OR 13647",Hyderabad,9054248784
891,Porter-Garcia,Govt,"9515 Bishop Village Apt. 291, South Crystal, AZ 82886",Pune,6884047633
892,Norman Ltd,Govt,"Unit 9479 Box 1415, DPO AP 76056",Mumbai,8427677416
893,Allen-Wallace,Recycler,"PSC 6785, Box 6371, APO AA 39369",Ahmedabad,6111685952
894,Jones-Snyder,Recycler,"7825 Little Groves Apt. 251, North Melissatown, TN 73465",Pune,3149141011
895,Scott-Castro,Govt,"Unit 7961 Box 9423, DPO AP 07905",Ahmedabad,1245824708
896,Curry Inc,Govt,"574 Robert Heights Apt. 542, Erikaton, MS 82358",Kolkata,5466692072
897,"Stevens, Anderson And Molina",Recycler,"870 Mcmahon Garden, Port Terri, VA 36760",Bangalore,3975082903
898,"Vincent, Mason And Huber",Recycler,"27836 Donna Plaza Suite 941, Lindseymouth, AR 35100",Hyderabad,7515379260
899,Vega And Sons,Govt,"29780 Little Street, Lake Joseph, SC 41594",Pune,0922221288
900,Ross Inc,Recycler,"322 Garrett Divide Apt. 442, Charlesfurt, AR 68101",Delhi,8814899482
901,"Martin, Jennings And Lee",Recycler,"6199 Miller Pass Apt. 863, North John, NV 99164",Chennai,0015214554
902,"Williams, Baker And Black",Recycler,"4225 Gonzalez Forge Suite 485, New Jasonmouth, KY 29640",Delhi,0060830773
903,Francis-Reyes,Recycler,"877 Jessica Street Suite 733, West Wendy, IL 65881",Delhi,0019023894
904,"Jackson, Crosby And Mercado",NGO,"9624 Natasha Union, Ericview, DC 99377",Delhi,5617372017
905,Morris-Rivera,NGO,"4735 Bradley Manor Suite 444, Port Jennaville, MO 64490",Chennai,1788030249
906,Walker Inc,NGO,"PSC 7155, Box 0393, APO AE 30622",Kolkata,0354313731
907,"Lam, Sims And Mccann",NGO,"875 Perez Square, Lake Brandy, NJ 69337",Pune,9928398639
908,Soto Group,Govt,"7863 Kayla Plains Apt. 691, Amyfort, NH 85571",Mumbai,9864449118
909,Baker-Jackson,Govt,"5730 Victoria Summit, New Troymouth, ME 23493",Delhi,0227275215
910,Freeman Ltd,Recycler,"Unit 2311 Box 4341, DPO AP 51107",Kolkata,3826775972
911,"Armstrong, Graves And Russell",NGO,"5740 Sparks Fort Suite 869, Davisport, MO 21248",Ahmedabad,1291773605
912,Miller Inc,Recycler,"783 Victoria Path Apt. 637, Chadside, TX 98163",Ahmedabad,3225081933
913,"Craig, Martin And Kaufman",Govt,"4544 Valentine Mills Suite 924, Lauramouth, CA 60217",Kolkata,0668679942
914,Patterson-Beltran,NGO,"6182 Davila Rapids, North Amy, WI 65217",Bangalore,0010912812
915,Stewart Ltd,NGO,"6710 Susan Loaf, East Jenna, WA 13892",Mumbai,1335628443
916,"King, Ramsey And Garcia",NGO,"04320 Amber Parkway, East Kellyfurt, MT 56998",Delhi,1783031729
917,Miller-Tucker,NGO,"141 Simpson Ridges Apt. 845, New Erichaven, KY 81971",Delhi,0016538519
918,"Drake, Perkins And Lewis",Recycler,"75287 Martin Way, Thomasmouth, DC 23399",Chennai,9312272544
919,"Smith, Ray And Gardner",Recycler,"7239 Alexander Oval Apt. 907, Patriciachester, ND 01087",Chennai,6267940990
920,Williamson Ltd,Govt,"8036 Justin Shores Suite 440, New Christopher, MN 50613",Chennai,0584841492
921,Fletcher And Sons,NGO,"1174 Lopez Road, New Jill, ND 33686",Pune,0704351759
922,Noble-Jones,Govt,"Unit 8456 Box 3147, DPO AP 78051",Delhi,1265088997
923,Barron Plc,Govt,"816 Robertson Cape Suite 511, Mitchellport, NJ 25947",Delhi,1778545747
924,"Murray, Sanders And Meyer",NGO,"588 Larry Turnpike Suite 643, Port Steven, ME 11288",Bangalore,5652770156
925,Price Plc,Govt,"052 Benitez Radial, North Brandon, KS 52673",Bangalore,1646066493
926,Allen Llc,Govt,"833 Desiree Greens, Lake Eric, LA 67507",Delhi,9282066653
927,Bradley Inc,Recycler,"00326 Ortiz Course, Castrohaven, NY 53721",Hyderabad,4991627765
928,Peck-Martin,Govt,"29153 Harris Islands, South Charles, NH 52291",Hyderabad,0016162429
929,"Williams, Gonzales And Webster",Govt,"PSC 4608, Box 3486, APO AA 75803",Hyderabad,7507831233
930,Vincent Ltd,NGO,"2174 Danielle Villages Apt. 751, Danielview, VA 97066",Pune,6898239732
931,"Roberts, Weber And Bridges",NGO,"Unit 3555 Box 0121, DPO AP 79174",Ahmedabad,1914995253
932,"Hughes, Nelson And Cross",NGO,"5991 Edwards Trail Apt. 020, New Amy, AL 83283",Chennai,1360421210
933,"Washington, Ruiz And Thomas",NGO,"486 Evans Key, Jasminehaven, FL 24462",Hyderabad,9054417105
934,Jimenez-Burke,Govt,"690 Mayo Village, Kinghaven, NM 19076",Pune,0013583895
935,Webb-Williams,Govt,"762 Hutchinson Wells, West Matthew, GA 60800",Mumbai,0014383262
936,Gibson Ltd,Recycler,"01464 Webb Tunnel, East Alyssamouth, LA 11653",Kolkata,1520397101
937,Campos-Robinson,Govt,"809 Lori Canyon, Terryton, NC 63512",Hyderabad,8486558422
938,Mills-Mcdonald,NGO,"4292 Snyder Brooks Apt. 932, Davidchester, NV 41413",Mumbai,1422216609
939,Cantrell Plc,NGO,"420 Elizabeth Motorway, Colebury, HI 33721",Mumbai,4938636231
940,Morgan-Bell,NGO,"47763 Morgan Stravenue Suite 585, South Nicole, MI 39825",Hyderabad,1699158973
941,"Galvan, Gillespie And Caldwell",Govt,"298 Ricky Mountain Suite 190, Edwardsmouth, CO 13496",Kolkata,0015551074
942,"Salas, Blackwell And Miller",NGO,"71872 Mckee View, Lake Jacobchester, IL 84614",Hyderabad,5624206051
943,Powell Group,Govt,"4352 Walter Turnpike, Lake Shawna, PA 39477",Hyderabad,0017190232
944,Dodson-Diaz,Recycler,"30348 Mark Station, Stephanieborough, CO 58547",Bangalore,1046311867
945,Pearson Plc,Govt,"0544 Harvey Coves, East Teresaberg, LA 58597",Chennai,9973413505
946,Schwartz-Cole,Recycler,"1862 Lee Plaza Apt. 314, Rebeccabury, RI 37391",Pune,1072078458
947,Nichols-Brown,Govt,"760 Cody Center Suite 672, Gregoryshire, WV 95747",Kolkata,0014445190
948,"Lee, Perry And Cummings",Govt,"08425 Hutchinson Key Suite 237, West Jason, OK 60303",Bangalore,4868983225
949,Rogers And Sons,Govt,"USNS West, FPO AA 34783",Delhi,1690338471
950,Hobbs-Joseph,Govt,"21200 Smith Drive, Lake Tara, AR 25108",Ahmedabad,8738453500
951,Davis Ltd,NGO,"366 Knight Route, South Monica, MS 96280",Hyderabad,1491997851
952,"Flores, Horton And Carlson",NGO,"5942 Christopher Rue, Rodriguezchester, IN 32464",Pune,2809115416
953,Bryant-Avila,NGO,"911 Stephenson Well Suite 547, Gomezburgh, NJ 90190",Delhi,1490753513
954,Underwood And Sons,Govt,"5158 Eric Forest Apt. 947, Johnsonshire, NV 54015",Chennai,0015612498
955,Lindsey-Bridges,NGO,"925 Melanie Courts, Dawnbury, IL 99269",Chennai,2908311686
956,Bass-Rangel,Govt,"1811 Williamson Glen, Lake Amyberg, WV 79514",Ahmedabad,1870153987
957,Lane Plc,Govt,"985 Meghan Orchard Suite 261, Davidmouth, AK 39382",Kolkata,1228589370
958,"Young, Chavez And Hill",Govt,"PSC 8910, Box 0492, APO AA 53194",Hyderabad,1285499726
959,Garcia Llc,Recycler,"86670 Hebert Trail, Lake Belinda, TX 59346",Bangalore,1035406428
960,"Ramirez, Patel And Lozano",NGO,"648 Jones Extensions, East Johnshire, AZ 46398",Mumbai,1370627235
961,Davis-Sanchez,NGO,"USCGC Brown, FPO AA 62011",Bangalore,6298475487
962,Rodgers Inc,Govt,"1469 Robertson Valley Suite 601, Drakehaven, OH 54720",Hyderabad,7895324975
963,Perez Group,Govt,"USNS Martinez, FPO AP 03331",Bangalore,8615742368
964,Cole Plc,Govt,"1718 Morris Plains, South Justinfurt, DE 90976",Kolkata,0465456566
965,Vaughn Ltd,Govt,"81392 Nicole Fords Apt. 421, East Travisshire, HI 04520",Mumbai,8793701233
966,"Snyder, Ruiz And Doyle",Recycler,"92992 Pamela Cliff, East Scott, LA 42588",Kolkata,4085074911
967,Gonzalez Group,Recycler,"382 Hoffman Corners Apt. 800, East Anna, IA 57348",Hyderabad,0017361404
968,Escobar Ltd,NGO,"110 Lyons Ridge, Dorisberg, WY 76326",Kolkata,2319789589
969,Newman And Sons,NGO,"898 Samantha Orchard, East Dylan, FL 86209",Hyderabad,1747830194
970,Gill-Adams,Govt,"4249 Davis Park, Anafort, NM 06180",Hyderabad,3928310915
971,Durham-Harper,NGO,"397 Sarah Garden Suite 102, Drewton, PA 90529",Mumbai,3106268441
972,"Mccall, Carr And Miller",NGO,"872 Martinez Ways Apt. 429, Richardsonside, CO 08109",Delhi,4100825923
973,Hughes Inc,Govt,"251 Clay Underpass Apt. 049, Davidstad, MT 74413",Mumbai,5084951704
974,Aguirre Llc,NGO,"788 Rivera Crossroad, Walkerburgh, WA 68948",Chennai,4133358021
975,"Woods, Johnson And Allen",Govt,"50627 Caldwell Streets, Thomaston, NY 70074",Mumbai,2860416143
976,Combs-Robinson,Govt,"892 Summers Shores, Shaunport, MT 82577",Pune,3330403058
977,"Palmer, Bailey And Cooper",Govt,"92580 Salazar Port Suite 373, East Carlos, RI 27329",Hyderabad,0018655685
978,Lee-Mann,NGO,"9513 Stephanie Summit, Randyland, ID 90058",Delhi,9146120140
979,Hill Inc,Recycler,"60108 Kimberly Walk Suite 349, Harrisville, MN 29540",Bangalore,1397531752
980,Kidd-Hurst,Recycler,"25937 Gates Corner, West Benjamin, HI 19556",Kolkata,1740897578
981,Herman Llc,NGO,"264 Daniel Hollow, Port Amanda, ME 10023",Ahmedabad,3447792796
982,Reed Inc,Recycler,"704 Dillon Field Apt. 043, Cindyside, MN 74835",Kolkata,1826874433
983,Rodriguez Llc,Govt,"90300 Krystal Underpass, East Catherineland, SD 39778",Bangalore,7559786216
984,King Llc,Recycler,"05344 Compton Knoll Apt. 823, New Cynthia, CT 52162",Ahmedabad,3719588073
985,Blankenship Inc,NGO,"5428 Graham Pike, Lewisside, HI 07391",Bangalore,2383227049
986,Allen-Keith,NGO,"26558 Williamson Greens Suite 802, Lake Jessica, AK 67049",Delhi,8548051438
987,"Page, Wells And Freeman",Recycler,"099 Douglas Parks Apt. 813, West Katherine, FL 09897",Ahmedabad,0014613354
988,Reed-Short,NGO,"8141 Ford Motorway, New Brianmouth, KS 74498",Chennai,2396652851
989,"Green, Watkins And Hunt",Recycler,"4574 Jenkins Walks, West Andrew, ID 30243",Bangalore,3643537121
990,Brown-Shields,NGO,"304 Kelsey Plains Suite 323, North Gregorystad, MD 65665",Mumbai,7449366735
991,"Wright, Williams And Buck",Recycler,"0939 Joseph Ridge Suite 479, West Jeffery, MA 51561",Pune,1542626718
992,"Morrison, Day And Moore",Govt,"13619 Robert Mill Apt. 221, Banksmouth, OR 36802",Pune,4477204533
993,Simon-Hughes,NGO,"162 Ross Turnpike Suite 396, Port Richardton, NH 77768",Pune,2338917873
994,Rodriguez Group,NGO,"626 Kim Isle, North Michaelmouth, ME 39835",Pune,0016850094
995,"Ross, Vang And Allison",Recycler,"90879 Ashley Plains Suite 367, Careybury, MS 51053",Delhi,5273600755
996,Scott Ltd,Govt,"383 Connor Mount, Sabrinaside, DC 01086",Chennai,1790779886
997,"Jones, Simmons And Williams",Govt,"80222 Phillips Loaf, Millerchester, CO 62494",Kolkata,0015866626
998,"Harris, Webster And Thompson",Recycler,"Unit 8409 Box 9126, DPO AP 10683",Kolkata,6498577427
999,"Friedman, Bean And Shelton",Govt,"54720 Ryan Vista Suite 529, Stevensview, NJ 15020",Chennai,9166807310
1000,Morales-Pugh,Recycler,"00364 Jeff Expressway, East Matthew, FL 04381",Delhi,1412456212
